MaGiaoDan;HoTen;MaGiaoHo;Phai;TenThanh;NgaySinh;NoiSinh;SoRuaToi;NgayRuaToi;NoiRuaToi;ChaRuaToi;NguoiDoDauRuaToi;NgayRuocLe;NoiRuocLe;ChaRuocLe;SoThemSuc;NgayThemSuc;NoiThemSuc;ChaThemSuc;NguoiDoDauThemSuc;TrinhDoVanHoa;NgheNghiep;ConHoc;QuaDoi;NgayQuaDoi;DienThoai;Email;DaXoa;GhiChu;UpdateDate;SoRuocLe;HoTenCha;HoTenMe;DaCoGiaDinh;GiaoDanAo;TanTong;MaNhanDang;ThuocGiaoXu;ThuocGiaoPhan;DiaChi;DanToc;NoiQuaDoi;SoAnTang;NoiAnTang;AnhDaiDien;CMND;TrinhDoChuyenMon;BietNgoaiNgu;MaGiaoXuRieng
1;A;0;Nam;Achillêô;;;;;;;;;;;;;;;;;;False;False;;;;False;;2018/10/21 12:13:27;;;;True;True;False;634A7A3F65314368826GIAODAN1636757188093828815;;;;;;;;;;;;1221
2;Cxzcxz;0;Nam;Callistô I;;;;;;;;;;;;;;;;;;False;False;;;;False;;2018/10/21 12:13:27;;;;True;True;False;634A7A3F65314368826GIAODAN2636757188485474839;;;;;;;;;;;;1221
3;Xczcxzc;0;Nam;Cxvcxv;;;;;;;;;;;;;;;;;;False;False;;;;False;;2018/10/21 12:13:27;;;;True;False;False;634A7A3F65314368826GIAODAN3636757188780968379;;;;;;;;;;;;1221
4;Dsadsad;0;Nam;Cxzcxz;;;;;;;;;;;;;;;;;;False;False;;;;False;;2018/10/21 12:13:27;;;;True;True;False;634A7A3F65314368826GIAODAN4636757190710775154;;;;;;;;;;;;1221
5;Cxzcxzc;0;Nam;Cczxcxzc;;;;;;;;;;;;;;;;;;False;False;;;;False;;2018/10/21 12:13:27;;;;True;False;False;70F4B3CB9FF948A990AGIAODAN5636757196453497683;;;;;;;;;;;;1221
6;Czxczxc;0;Nam;Czxcczxc;;;;;;;;;;;;;;;;;;False;False;;;;False;;2018/10/21 12:13:27;;;;True;False;False;70F4B3CB9FF948A990AGIAODAN6636757196797776848;;;;;;;;;;;;1221
7;Zcxcxzc;0;Nam;Dsad;;;;;;;;;;;;;;;;;;False;False;;;;False;;2018/10/21 12:13:28;;;;True;False;False;70F4B3CB9FF948A990AGIAODAN7636757198476260939;;;;;;;;;;;;1221
8;Dsadsad;0;Nam;Vcxvxc;;;;;;;;;;;;;;;;;;False;False;;;;False;;2018/10/21 12:13:28;;;;True;False;False;70F4B3CB9FF948A990AGIAODAN8636757201728947270;;;;;;;;;;;;1221
9;Xcvcxv;0;Nam;Vxcvcxvvcx;;;;;;;;;;;;;;;;;;False;False;;;;False;;2018/10/21 12:28:56;;;;True;False;False;70F4B3CB9FF948A990AGIAODAN9636757202196499702;;;;;;;;;;;;1221
10;Ssdsad;1;Nam;Dasdsa;;;;;;;;;;;;;;;;;;False;False;;;;False;;2018/10/21 12:28:20;;;;False;False;False;7C3D71BB414D4598B86GIAODAN10636757217004146377;;;;;;;;;;;;1221
11;Zcxxzc;1;Nam;Cxzczx;;;;;;;;;;;;;;;;;;False;False;;;;False;;2018/10/21 12:28:56;;Vxcvcxvvcx Xcvcxv;;False;False;False;7C3D71BB414D4598B86GIAODAN11636757217301810410;;;;;;;;;;;;1221
