MaGiaDinh;MaGiaoHo;TenGiaDinh;GhiChu;DienThoai;DiaChi;DaXoa;UpdateDate;DaChuyenXu;NgayChuyen;NoiChuyen;GiaDinhAo;MaNhanDang;MaGiaDinhRieng;AnhDaiDien;SoHoKhau;DienGiaDinh;MaGiaoXuRieng
1;0;A;;;;False;2018/10/21 11:40:27;False;;;True;634A7A3F65314368826GIADINH1636757188272308524;;;;;1221
2;0;Cxzcxz;;;;False;2018/10/21 11:40:53;False;;;True;634A7A3F65314368826GIADINH2636757188531087576;;;;;1221
3;0;Dsadsad;;;;False;2018/10/21 11:44:37;False;;;True;634A7A3F65314368826GIADINH3636757190768667834;;;;;1221
4;1;Cxzcxzc;;;;False;2018/10/21 11:54:07;False;;;False;70F4B3CB9FF948A990AGIADINH4636757196468984187;;;;;1221
