MaGiaoHo;TenGiaoHo;DaXoa;UpdateDate;MaNhanDang;MaGiaoHoCha;MaGiaoXuRieng
1;Bình Thuận;False;2018/10/03 04:03:07;073AF40039FB447786AGIAOHO1636595029421506032;;
2;Giuse;False;2018/10/03 04:03:07;4AE3AC0FE00F48D3809GIAOHO2636593411609006809;;
3;Kẻ Đọng;False;2018/10/03 04:03:07;04D4EB9F8DBE437F9C8GIAOHO1636595036307885340;;
4;La Vang;False;2018/10/03 04:03:07;A3AE96C57C3E44428C7GIAOHO2636608021019903694;;
5;Mỹ Yên;False;2018/10/03 04:03:07;4AE3AC0FE00F48D3809GIAOHO5636593412936832756;;
6;Thanh Lâm;False;2018/10/03 04:03:07;4AE3AC0FE00F48D3809GIAOHO6636593413123423429;;
7;Thanh Sơn;False;2018/10/03 04:03:07;4AE3AC0FE00F48D3809GIAOHO7636593413221079014;;
8;Vinh Đức;False;2018/10/03 04:03:07;4AE3AC0FE00F48D3809GIAOHO8636593413335835578;;
9;Xuân Sơn;False;2018/10/03 04:03:07;073AF40039FB447786AGIAOHO3636595066510985663;;
10;Xuân Thành;False;2018/10/03 04:03:07;4AE3AC0FE00F48D3809GIAOHO10636593413625382139;;
11;Xuân Trang;False;2018/10/03 04:03:07;4AE3AC0FE00F48D3809GIAOHO11636593413738048583;;
12;Tổ 1;False;2018/10/03 04:03:07;D9C3E86FBEBC4CA896CGIAOHO12636611788006021088;8;
13;Tổ 2;False;2018/10/03 04:03:07;D9C3E86FBEBC4CA896CGIAOHO13636611788043773155;8;
14;Tổ 3;False;2018/10/03 04:03:07;D9C3E86FBEBC4CA896CGIAOHO14636611788096969248;8;
15;Tổ 4;False;2018/10/03 04:03:07;D9C3E86FBEBC4CA896CGIAOHO15636611788143145329;8;
16;Tổ 5;False;2018/10/03 04:03:07;D9C3E86FBEBC4CA896CGIAOHO16636611788199305428;8;
