MaRaoHonPhoi;TenRaoHonPhoi;MaGiaoDan1;MaGiaoDan2;NgayRaoLan1;NgayRaoLan2;NgayRaoLan3;GiaoXu1;GiaoPhan1;GiaoXuTruoc1;GiaoPhanTruoc1;GiaoXu2;GiaoPhan2;GiaoXuTruoc2;GiaoPhanTruoc2;LinhMucNhan;GiaoXuNhan;GhiChu;Tam1;Tam2;Tam3;UpdateDate;GiaoXuNQ1;GiaoPhanNQ1;GiaoXuNQ2;GiaoPhanNQ2;MaGiaoXuRieng
1;Thược - Đào;9720;10228;20/05/2018;27/05/2018;03/06/2018;Vinh An;Ban Mê Thuột;;;Vinh Hương;Ban Mê Thuột;;;;;Thứ 6, 15.06.2018 Tại;;;;2018/10/03 04:03:08;;Mỹ Yên;;Phaolô;
2;Tuấn - Sương;6284;10243;27/05/2018;03/06/2018;10/06/2018;Vinh An;Ban Mê Thuột;;;Bình Thuận;;;;Phêrô Hùng;Bình Thuận;Thứ 5, 14.06.2018 Tại Vinh;;;;2018/10/03 04:03:08;;;;;
3;Hiếu - Mân;10244;10537;27/05/2018;03/06/2018;10/06/2018;;;;;Vinh An;Ban Mê Thuột;;;;;Thứ 7, 07.07.2018 Tại Xuân Thành;;;;2018/10/03 04:03:08;;;;;
4;Trung - Cương;7401;10246;27/05/2018;03/06/2018;10/06/2018;Vinh An;Ban Mê Thuột;;;Vinh Hương;;;;;;Thứ 7, 30.06.2018, Tại Vinh Hương;;;;2018/10/03 04:03:08;;;;;
5;Sang - Lành;10249;10250;27/05/2018;03/06/2018;10/06/2018;Vinh An;Ban Mê Thuột;;;Hội Yên;Vinh;;;Th;Ff;;;;;2018/10/03 04:03:08;;;;;
6;Vương - Linh;10251;9931;27/05/2018;03/06/2018;10/06/2018;;;;;Vinh An;Ban Mê Thuột;;;;;Thứ 3, 12.06.2018, Tại Vinh An;;;;2018/10/03 04:03:08;;;;;
