MaCauHinh;GiaTri;MoTa;UpdateDate;MaGiaoXuRieng
CURRENT_DB_VERSION;2.1.3.0;Phiên bản hiện tại;8/28/2018 3:17:40 PM;
AUTO_UPDATE;1;Cho phép tự động cập nhật;8/28/2018 3:17:40 PM;
TEMPLATE_FOLDER;Chung;Thư mục chứa các mẫu báo cáo;8/28/2018 3:17:40 PM;
SOGIADINH_IN_GACHNGANG;1;In gạch ngang trong sổ gia đình với những người thuộc hồ sơ lưu trữ;8/28/2018 3:17:40 PM;
SOGIADINH_IN_LAPGD;1;In cả những người đã lập gia đình trong sổ gia đình;8/28/2018 3:17:40 PM;
SOGIADINH_IN_LUUTRU;1;In cả những người thuộc hồ sơ lưu trữ trong sổ gia đình;8/28/2018 3:17:40 PM;
US_FORMAT_NAME;1;In họ tên theo định dạng kiểu Mỹ (tên trước họ sau);8/28/2018 3:17:40 PM;
SOGIADINH_INNOISINH;1;In nơi sinh và nơi rửa tội;8/28/2018 3:17:40 PM;
CURRENT_GIAOHO;0;;8/28/2018 3:17:40 PM;
TUNHAP_MAGIADINH;0;Cho phép tự nhập mã gia đình;8/28/2018 3:17:40 PM;
CHUANHOA_TUCHUANHOA;1;Cho phép chuẩn hóa dữ liệu nhập một cách tự động;8/28/2018 3:17:40 PM;
CHUANHOA_TUDOIDAU;1;Cho phép tự đổi cách bỏ dấu sang kiểu cũ khi chuẩn hóa dữ liệu nhập một cách tự động;8/28/2018 3:17:40 PM;
SOBITICH_HIENTATCAGIAODAN;0;Cho phép hiện tất cả giáo dân tìm được khi chọn vào sổ bí tích;8/28/2018 3:17:40 PM;
CHUANHOA_TUCHUYENMA;1;Cho phép tự chuyển sang mã unicode dựng sẵn khi chuẩn hóa dữ liệu nhập một cách tự động;8/28/2018 3:17:40 PM;
CHUANHOA_TRONGNGOAC;3;Cách để từ trong ngoại khi chuẩn hóa dữ liệu nhập một cách tự động;8/28/2018 3:17:40 PM;
REPORT_LANGUAGE;vi-vn;;8/28/2018 3:17:40 PM;
