MaGiaoDan;HoTen;MaGiaoHo;Phai;TenThanh;NgaySinh;NoiSinh;SoRuaToi;NgayRuaToi;NoiRuaToi;ChaRuaToi;NguoiDoDauRuaToi;NgayRuocLe;NoiRuocLe;ChaRuocLe;SoThemSuc;NgayThemSuc;NoiThemSuc;ChaThemSuc;NguoiDoDauThemSuc;TrinhDoVanHoa;NgheNghiep;ConHoc;QuaDoi;NgayQuaDoi;DienThoai;Email;DaXoa;GhiChu;UpdateDate;SoRuocLe;HoTenCha;HoTenMe;DaCoGiaDinh;GiaoDanAo;TanTong;MaNhanDang;ThuocGiaoXu;ThuocGiaoPhan;DiaChi;DanToc;NoiQuaDoi;SoAnTang;NoiAnTang;AnhDaiDien;CMND;TrinhDoChuyenMon;BietNgoaiNgu;MaGiaoXuRieng
1;ABCDEF;0;Nam;Achillêô;;;;;;;;;;;;;;;;;;False;False;;;;False;;2018/10/21 11:32:13;;;;True;True;False;A4F521FF43AA46E68BBGIAODAN1636750542624673281;;;;;;;;;;;;1221
2;BCS;0;Nam;Barnaba;;;;;;;;;;;;;;;;;;False;False;;;;False;;2018/10/21 11:32:13;;;;False;False;False;0C81AA51E7B14E3B871GIAODAN2636750561175277227;;;;;;;;;;;;1221
3;A;0;Nam;Achillêô;;;;;;;;;;;;;;;;;;False;False;;;;False;;2018/10/21 11:32:14;;;;True;False;False;FB3AF748E67C481FA91GIAODAN3636755662571085685;;;;;;;;;;;;1221
4;Dsadsa;4;Nam;Dsad;;;;;;;;;;;;;;;;;;False;False;;;;False;;2018/10/21 11:33:50;;;;False;False;False;AF7E6FF426F844599F3GIAODAN4636757184306390943;;;;;;;;;;;;1221
5;Dsadsad;3;Nam;Zcxczcz;;;;01/10/2018;ABCDE;Dsad;;;;;;;;;;;;False;False;;;;False;;2018/10/21 11:36:29;;;;True;False;False;AF7E6FF426F844599F3GIAODAN5636757184505804338;;;;;;;;;;;;1221
6;Vzcvxvx;4;Nam;Cxzcxz;;;;;;;;;;;;;;;;;;False;False;;;;False;;2018/10/21 11:34:24;;Zcxczcz Dsadsad;;False;False;False;AF7E6FF426F844599F3GIAODAN6636757184601083270;;;;;;;;;;;;1221
7;Zcxzc;3;Nam;Bvcbcv;;;;;;;;;;;;;;;;;;False;False;;;;False;;2018/10/21 11:36:29;;;;True;False;False;AF7E6FF426F844599F3GIAODAN7636757184815076189;;;;;;;;;;;;1221
8;Dsadsad;4;Nam;Ađalbertô;;;;;;;;;;;;;;;;;;False;False;;;;False;;2018/10/21 11:34:59;;Bvcbcv Zcxzc;;False;False;False;AF7E6FF426F844599F3GIAODAN8636757184934301101;;;;;;;;;;;;1221
