MaGiaoDan;HoTen;MaGiaoHo;Phai;TenThanh;NgaySinh;NoiSinh;SoRuaToi;NgayRuaToi;NoiRuaToi;ChaRuaToi;NguoiDoDauRuaToi;NgayRuocLe;NoiRuocLe;ChaRuocLe;SoThemSuc;NgayThemSuc;NoiThemSuc;ChaThemSuc;NguoiDoDauThemSuc;TrinhDoVanHoa;NgheNghiep;ConHoc;QuaDoi;NgayQuaDoi;DienThoai;Email;DaXoa;GhiChu;UpdateDate;SoRuocLe;HoTenCha;HoTenMe;DaCoGiaDinh;GiaoDanAo;TanTong;MaNhanDang;ThuocGiaoXu;ThuocGiaoPhan;DiaChi;DanToc;NoiQuaDoi;SoAnTang;NoiAnTang;AnhDaiDien;CMND;TrinhDoChuyenMon;BietNgoaiNgu;MaGiaoXuRieng;DeleteClient
1;A1;0;Nam;Achillêô;;;;;;;;;;;;;;;;;;False;False;;;;False;;2018/10/31 16:07:47;;;;True;True;False;FCBA5D928D7B488EB43GIAODAN1636765938415450177;;;;;;;;;;;;1221;0
3;A4;0;Nữ;Achillêô;;;;;;;;;;;;;;;;;;False;False;;;;False;;2018/10/31 16:07:47;;;;True;False;False;960DAC3CBFB04C8BA03GIAODAN3636765983974860852;;;;;;;;;;;;1221;0
4;A;0;Nam;Achillêô;;;;;;;;;;;;;;;;;;False;False;;;;False;;2018/10/31 18:07:51;;;;True;True;False;A0BA6C81513A45AA91EGIAODAN4636766060569640292;;;;;;;;;;;;1221;0
5;A3;1;Nam;Ađalbertô;;;;;;;;;;;;;;;;;;False;False;;;;False;;2018/10/31 18:10:17;;;;False;False;False;A0BA6C81513A45AA91EGIAODAN5636766062176580623;;;;;;;;;;;;1221;0
