MaGiaoHo;TenGiaoHo;DaXoa;UpdateDate;MaNhanDang;MaGiaoHoCha;MaGiaoXuRieng
1;Casd;False;2018/10/21 11:32:12;5F11250A91B641D38E1GIAOHO4636755589679703454;;1221
2;GiaohoaBC;False;2018/10/21 11:32:12;FB7D37A8DAAA45F98C2GIAOHO1636754987139234549;;1221
3;AB;False;2018/10/21 11:32:13;4C839206A3DC4B11814GIAOHO2636755576209010188;;1221
5;GiaoHoConA;False;2018/10/21 11:32:13;EAC1970A93A64F339A1GIAOHO14636755634763738920;1;1221
6;Cxzcxc;False;2018/10/21 11:32:13;60CD258150704A79802GIAOHO10636756446994600862;;1221
