MaGiaoHo;TenGiaoHo;DaXoa;UpdateDate;MaNhanDang;MaGiaoHoCha
1;Bình Thuận;False;2018/04/16 07:15:42;073AF40039FB447786AGIAOHO1636595029421506032;
2;Giuse;False;2018/04/14 10:19:38;4AE3AC0FE00F48D3809GIAOHO2636593411609006809;
3;Kẻ Đọng;False;2018/04/16 07:27:10;04D4EB9F8DBE437F9C8GIAOHO1636595036307885340;
4;La Vang;False;2018/05/01 08:08:22;A3AE96C57C3E44428C7GIAOHO2636608021019903694;
5;Mỹ Yên;False;2018/04/14 10:21:33;4AE3AC0FE00F48D3809GIAOHO5636593412936832756;
6;Thanh Lâm;False;2018/04/14 10:21:52;4AE3AC0FE00F48D3809GIAOHO6636593413123423429;
7;Thanh Sơn;False;2018/04/14 10:22:02;4AE3AC0FE00F48D3809GIAOHO7636593413221079014;
8;Vinh Đức;False;2018/04/14 10:22:13;4AE3AC0FE00F48D3809GIAOHO8636593413335835578;
9;Xuân Sơn;False;2018/04/16 08:17:31;073AF40039FB447786AGIAOHO3636595066510985663;
10;Xuân Thành;False;2018/04/14 10:22:42;4AE3AC0FE00F48D3809GIAOHO10636593413625382139;
11;Xuân Trang;False;2018/04/14 10:22:53;4AE3AC0FE00F48D3809GIAOHO11636593413738048583;
12;Tổ 1;False;2018/05/06 04:46:40;D9C3E86FBEBC4CA896CGIAOHO12636611788006021088;8
13;Tổ 2;False;2018/05/06 04:46:44;D9C3E86FBEBC4CA896CGIAOHO13636611788043773155;8
14;Tổ 3;False;2018/05/06 04:46:49;D9C3E86FBEBC4CA896CGIAOHO14636611788096969248;8
15;Tổ 4;False;2018/05/06 04:46:54;D9C3E86FBEBC4CA896CGIAOHO15636611788143145329;8
16;Tổ 5;False;2018/05/06 04:46:59;D9C3E86FBEBC4CA896CGIAOHO16636611788199305428;8
