MaLinhMuc;TenThanh;HoTen;NgaySinh;ChucVu;TuNgay;DenNgay;GhiChu;DienThoai;Email;DaXoa;UpdateDate;MaGiaoXuRieng;DeleteClient
31;Don Ky;Ho Te;01/10/2018;Chánh xứ;09/10/2018;16/10/2018;;;;True;2018/10/31 22:10:02;1221;0
32;Batman;Vo Cao King;;Chánh xứ;;;;;;True;2018/10/31 22:10:02;1221;0
33;Don Ky;Ho Te Chi Ton Vo Lam;01/10/2018;Chánh xứ;09/10/2018;16/10/2018;;;;True;2018/10/31 22:10:02;1221;0
34;Don Ky;Ho Te Chi Ton Vo Lam bao dao do long;27/10/2018;Chánh xứ;09/10/2018;16/10/2018;;;;False;2018/10/31 22:10:33;1221;0
35;Don Ky;Ho Te;01/10/2018;Chánh xứ;09/10/2018;16/10/2018;;;;True;2018/10/31 22:10:33;1221;0
36;Batman;Vo Cao King;;Chánh xứ;;;;;;True;2018/10/31 22:10:33;1221;0
37;Don Ky;Ho Te Chi Ton Vo Lam;01/10/2018;Chánh xứ;09/10/2018;16/10/2018;;;;True;2018/10/31 22:10:34;1221;0
1;Don Ky;Ho Te Chi Ton Vo Lam;01/10/2018;Chánh xứ;09/10/2018;16/10/2018;;;;True;2018/10/31 15:02:43;1221;0
2;Don Ky;Ho Te;01/10/2018;Chánh xứ;09/10/2018;16/10/2018;;;;True;2018/10/31 15:02:44;1221;0
3;Don Ky;Ho Te Chi Ton Vo Lam bao dao do long;27/10/2018;Chánh xứ;09/10/2018;16/10/2018;;;;False;2018/10/31 21:34:57;1221;0
4;Don Ky;Ho Te;01/10/2018;Chánh xứ;09/10/2018;16/10/2018;;;;True;2018/10/31 21:34:57;1221;0
5;Batman;Vo Cao King;;Chánh xứ;;;;;;True;2018/10/31 21:34:57;1221;0
6;Don Ky;Ho Te Chi Ton Vo Lam bao dao do long;27/10/2018;Chánh xứ;09/10/2018;16/10/2018;;;;False;2018/10/31 21:35:38;1221;0
7;Don Ky;Ho Te;01/10/2018;Chánh xứ;09/10/2018;16/10/2018;;;;True;2018/10/31 21:35:38;1221;0
8;Batman;Vo Cao King;;Chánh xứ;;;;;;True;2018/10/31 21:35:38;1221;0
9;Don Ky;Ho Te Chi Ton Vo Lam;01/10/2018;Chánh xứ;09/10/2018;16/10/2018;;;;True;2018/10/31 21:35:38;1221;0
10;Don Ky;Ho Te Chi Ton Vo Lam bao dao do long;27/10/2018;Chánh xứ;09/10/2018;16/10/2018;;;;False;2018/10/31 21:44:41;1221;0
11;Don Ky;Ho Te;01/10/2018;Chánh xứ;09/10/2018;16/10/2018;;;;True;2018/10/31 21:44:42;1221;0
12;Batman;Vo Cao King;;Chánh xứ;;;;;;True;2018/10/31 21:44:42;1221;0
13;Don Ky;Ho Te Chi Ton Vo Lam;01/10/2018;Chánh xứ;09/10/2018;16/10/2018;;;;True;2018/10/31 21:44:42;1221;0
14;Don Ky;Ho Te Chi Ton Vo Lam bao dao do long;27/10/2018;Chánh xứ;09/10/2018;16/10/2018;;;;False;2018/10/31 21:48:37;1221;0
15;Don Ky;Ho Te;01/10/2018;Chánh xứ;09/10/2018;16/10/2018;;;;True;2018/10/31 21:48:37;1221;0
16;Batman;Vo Cao King;;Chánh xứ;;;;;;True;2018/10/31 21:48:38;1221;0
17;Don Ky;Ho Te Chi Ton Vo Lam;01/10/2018;Chánh xứ;09/10/2018;16/10/2018;;;;True;2018/10/31 21:48:38;1221;0
18;Don Ky;Ho Te Chi Ton Vo Lam bao dao do long;27/10/2018;Chánh xứ;09/10/2018;16/10/2018;;;;False;2018/10/31 21:55:46;1221;0
19;Don Ky;Ho Te;01/10/2018;Chánh xứ;09/10/2018;16/10/2018;;;;True;2018/10/31 21:55:47;1221;0
20;Batman;Vo Cao King;;Chánh xứ;;;;;;True;2018/10/31 21:55:47;1221;0
21;Don Ky;Ho Te Chi Ton Vo Lam;01/10/2018;Chánh xứ;09/10/2018;16/10/2018;;;;True;2018/10/31 21:55:47;1221;0
22;Don Ky;Ho Te Chi Ton Vo Lam bao dao do long;27/10/2018;Chánh xứ;09/10/2018;16/10/2018;;;;False;2018/10/31 21:56:45;1221;0
23;Don Ky;Ho Te;01/10/2018;Chánh xứ;09/10/2018;16/10/2018;;;;True;2018/10/31 21:56:45;1221;0
24;Batman;Vo Cao King;;Chánh xứ;;;;;;True;2018/10/31 21:56:45;1221;0
25;Don Ky;Ho Te Chi Ton Vo Lam;01/10/2018;Chánh xứ;09/10/2018;16/10/2018;;;;True;2018/10/31 21:56:45;1221;0
26;Don Ky;Ho Te Chi Ton Vo Lam bao dao do long;27/10/2018;Chánh xứ;09/10/2018;16/10/2018;;;;False;2018/10/31 21:57:40;1221;0
27;Don Ky;Ho Te;01/10/2018;Chánh xứ;09/10/2018;16/10/2018;;;;True;2018/10/31 21:57:40;1221;0
28;Batman;Vo Cao King;;Chánh xứ;;;;;;True;2018/10/31 21:57:40;1221;0
29;Don Ky;Ho Te Chi Ton Vo Lam;01/10/2018;Chánh xứ;09/10/2018;16/10/2018;;;;True;2018/10/31 21:57:41;1221;0
30;Don Ky;Ho Te Chi Ton Vo Lam bao dao do long;27/10/2018;Chánh xứ;09/10/2018;16/10/2018;;;;False;2018/10/31 22:10:02;1221;0
