MaGiaoDan;MaHonPhoi;SoThuTu;UpdateDate;MaGiaoXuRieng
3481;861;1;2018/10/05 01:43:02;1234
3483;863;1;2018/10/05 01:43:02;1234
1975;863;1;2018/10/05 01:43:02;1234
3482;862;1;2018/10/05 01:43:02;1234
2613;862;1;2018/10/05 01:43:02;1234
3470;859;1;2018/10/05 01:43:02;1234
135;859;1;2018/10/05 01:43:02;1234
479;112;1;2018/10/05 01:43:02;1234
478;112;1;2018/10/05 01:43:02;1234
3462;858;1;2018/10/05 01:43:02;1234
3630;905;1;2018/10/05 01:43:02;1234
3648;909;1;2018/10/05 01:43:02;1234
361;909;1;2018/10/05 01:43:02;1234
283;64;1;2018/10/05 01:43:02;1234
284;64;1;2018/10/05 01:43:02;1234
1049;243;1;2018/10/05 01:43:02;1234
1050;243;1;2018/10/05 01:43:02;1234
1724;409;1;2018/10/05 01:43:02;1234
1725;409;1;2018/10/05 01:43:02;1234
3265;810;1;2018/10/05 01:43:02;1234
3266;810;1;2018/10/05 01:43:02;1234
3218;800;1;2018/10/05 01:43:02;1234
3219;800;1;2018/10/05 01:43:02;1234
1882;446;1;2018/10/05 01:43:02;1234
1883;446;1;2018/10/05 01:43:02;1234
2052;491;1;2018/10/05 01:43:02;1234
2053;491;1;2018/10/05 01:43:02;1234
2175;523;1;2018/10/05 01:43:02;1234
2176;523;1;2018/10/05 01:43:02;1234
2312;563;1;2018/10/05 01:43:02;1234
2313;563;1;2018/10/05 01:43:02;1234
3370;834;1;2018/10/05 01:43:02;1234
3371;834;1;2018/10/05 01:43:02;1234
281;63;1;2018/10/05 01:43:02;1234
280;63;1;2018/10/05 01:43:02;1234
3518;871;1;2018/10/05 01:43:02;1234
3519;872;1;2018/10/05 01:43:02;1234
964;872;1;2018/10/05 01:43:02;1234
1179;274;1;2018/10/05 01:43:02;1234
1178;274;1;2018/10/05 01:43:02;1234
1732;412;1;2018/10/05 01:43:02;1234
1731;412;1;2018/10/05 01:43:02;1234
3328;104;1;2018/10/05 01:43:02;1234
445;104;1;2018/10/05 01:43:02;1234
3520;873;1;2018/10/05 01:43:02;1234
1779;873;1;2018/10/05 01:43:02;1234
3360;831;1;2018/10/05 01:43:02;1234
3359;831;1;2018/10/05 01:43:02;1234
122;29;1;2018/10/05 01:43:02;1234
121;29;1;2018/10/05 01:43:02;1234
272;61;1;2018/10/05 01:43:02;1234
271;61;1;2018/10/05 01:43:02;1234
1786;424;1;2018/10/05 01:43:02;1234
1785;424;1;2018/10/05 01:43:02;1234
3142;775;1;2018/10/05 01:43:02;1234
3141;775;1;2018/10/05 01:43:02;1234
3542;878;1;2018/10/05 01:43:02;1234
2727;878;1;2018/10/05 01:43:02;1234
3543;879;1;2018/10/05 01:43:02;1234
3126;879;1;2018/10/05 01:43:02;1234
1207;283;1;2018/10/05 01:43:02;1234
1206;283;1;2018/10/05 01:43:02;1234
2212;533;1;2018/10/05 01:43:02;1234
3550;886;1;2018/10/05 01:43:02;1234
749;886;1;2018/10/05 01:43:02;1234
859;201;1;2018/10/05 01:43:02;1234
858;201;1;2018/10/05 01:43:02;1234
911;213;1;2018/10/05 01:43:02;1234
910;213;1;2018/10/05 01:43:02;1234
1273;300;1;2018/10/05 01:43:02;1234
1272;300;1;2018/10/05 01:43:02;1234
1380;332;1;2018/10/05 01:43:02;1234
1379;332;1;2018/10/05 01:43:02;1234
249;56;1;2018/10/05 01:43:02;1234
3488;865;1;2018/10/05 01:43:02;1234
3645;907;1;2018/10/05 01:43:02;1234
3652;912;1;2018/10/05 01:43:02;1234
462;912;1;2018/10/05 01:43:02;1234
3651;911;1;2018/10/05 01:43:02;1234
2583;911;1;2018/10/05 01:43:02;1234
1138;264;1;2018/10/05 01:43:02;1234
1137;264;1;2018/10/05 01:43:02;1234
3665;917;1;2018/10/05 01:43:02;1234
2587;632;1;2018/10/05 01:43:02;1234
2586;632;1;2018/10/05 01:43:02;1234
2366;579;1;2018/10/05 01:43:02;1234
2365;579;1;2018/10/05 01:43:02;1234
3672;919;1;2018/10/05 01:43:02;1234
567;919;1;2018/10/05 01:43:02;1234
3674;920;1;2018/10/05 01:43:02;1234
2642;920;1;2018/10/05 01:43:02;1234
3675;921;1;2018/10/05 01:43:02;1234
1388;921;1;2018/10/05 01:43:02;1234
397;92;1;2018/10/05 01:43:02;1234
396;92;1;2018/10/05 01:43:02;1234
3536;876;1;2018/10/05 01:43:02;1234
3700;927;1;2018/10/05 01:43:02;1234
218;48;1;2018/10/05 01:43:02;1234
217;48;1;2018/10/05 01:43:02;1234
3306;820;1;2018/10/05 01:43:02;1234
3417;847;1;2018/10/05 01:43:02;1234
3407;846;1;2018/10/05 01:43:02;1234
3323;823;1;2018/10/05 01:43:02;1234
3211;798;1;2018/10/05 01:43:02;1234
3437;852;1;2018/10/05 01:43:02;1234
3686;923;1;2018/10/05 01:43:02;1234
2344;572;1;2018/10/05 01:43:02;1234
3514;869;1;2018/10/05 01:43:02;1234
3453;856;1;2018/10/05 01:43:02;1234
3273;812;1;2018/10/05 01:43:02;1234
3627;903;1;2018/10/05 01:43:02;1234
3375;835;1;2018/10/05 01:43:02;1234
3688;924;1;2018/10/05 01:43:02;1234
837;197;1;2018/10/05 01:43:02;1234
836;197;1;2018/10/05 01:43:02;1234
3660;913;1;2018/10/05 01:43:02;1234
3660;964;2;2018/10/05 01:43:02;1234
1139;964;1;2018/10/05 01:43:02;1234
3390;806;1;2018/10/05 01:43:02;1234
2492;610;1;2018/10/05 01:43:02;1234
2212;881;2;2018/10/05 01:43:02;1234
1642;389;1;2018/10/05 01:43:02;1234
1641;389;1;2018/10/05 01:43:02;1234
3303;819;1;2018/10/05 01:43:02;1234
3419;848;1;2018/10/05 01:43:02;1234
3279;815;1;2018/10/05 01:43:02;1234
1100;949;1;2018/10/05 01:43:02;1234
3381;838;1;2018/10/05 01:43:02;1234
3379;837;1;2018/10/05 01:43:02;1234
2237;541;1;2018/10/05 01:43:02;1234
2236;541;1;2018/10/05 01:43:02;1234
312;71;1;2018/10/05 01:43:02;1234
311;71;1;2018/10/05 01:43:02;1234
1249;294;1;2018/10/05 01:43:02;1234
1247;294;1;2018/10/05 01:43:02;1234
3297;818;1;2018/10/05 01:43:02;1234
1197;279;1;2018/10/05 01:43:02;1234
1196;279;1;2018/10/05 01:43:02;1234
1167;271;1;2018/10/05 01:43:02;1234
1166;271;1;2018/10/05 01:43:02;1234
368;84;1;2018/10/05 01:43:02;1234
367;84;1;2018/10/05 01:43:02;1234
2034;486;1;2018/10/05 01:43:02;1234
2033;486;1;2018/10/05 01:43:02;1234
3399;843;1;2018/10/05 01:43:02;1234
1670;395;1;2018/10/05 01:43:02;1234
1669;395;1;2018/10/05 01:43:02;1234
3796;997;1;2018/10/05 01:43:02;1234
276;997;1;2018/10/05 01:43:02;1234
3803;999;1;2018/10/05 01:43:02;1234
154;999;1;2018/10/05 01:43:02;1234
3810;1004;1;2018/10/05 01:43:02;1234
2249;1004;1;2018/10/05 01:43:02;1234
806;190;1;2018/10/05 01:43:02;1234
805;190;1;2018/10/05 01:43:02;1234
714;169;1;2018/10/05 01:43:02;1234
713;169;1;2018/10/05 01:43:02;1234
3868;1018;1;2018/10/05 01:43:02;1234
60;1018;1;2018/10/05 01:43:02;1234
3869;1019;1;2018/10/05 01:43:02;1234
105;1019;1;2018/10/05 01:43:02;1234
3870;1020;1;2018/10/05 01:43:02;1234
1921;1020;1;2018/10/05 01:43:02;1234
3871;1021;1;2018/10/05 01:43:02;1234
1974;1021;1;2018/10/05 01:43:02;1234
3874;1024;1;2018/10/05 01:43:02;1234
1614;1024;1;2018/10/05 01:43:02;1234
3875;1025;1;2018/10/05 01:43:02;1234
1514;1025;1;2018/10/05 01:43:02;1234
3876;1027;1;2018/10/05 01:43:02;1234
5;1027;1;2018/10/05 01:43:02;1234
3877;1028;1;2018/10/05 01:43:02;1234
1435;1028;1;2018/10/05 01:43:02;1234
3878;1029;1;2018/10/05 01:43:02;1234
412;1029;1;2018/10/05 01:43:02;1234
3879;1030;1;2018/10/05 01:43:02;1234
735;1030;1;2018/10/05 01:43:02;1234
3881;1032;1;2018/10/05 01:43:02;1234
2666;1032;1;2018/10/05 01:43:02;1234
3882;1033;1;2018/10/05 01:43:02;1234
2026;1033;1;2018/10/05 01:43:02;1234
2359;576;1;2018/10/05 01:43:02;1234
2358;576;1;2018/10/05 01:43:02;1234
3894;1036;1;2018/10/05 01:43:02;1234
1908;1036;1;2018/10/05 01:43:02;1234
3880;1031;1;2018/10/05 01:43:02;1234
1515;1031;1;2018/10/05 01:43:02;1234
1590;378;1;2018/10/05 01:43:02;1234
1589;378;1;2018/10/05 01:43:02;1234
2080;497;1;2018/10/05 01:43:02;1234
2079;497;1;2018/10/05 01:43:02;1234
3924;1046;1;2018/10/05 01:43:02;1234
2643;1046;1;2018/10/05 01:43:02;1234
3946;1053;1;2018/10/05 01:43:02;1234
2715;1053;1;2018/10/05 01:43:02;1234
1518;362;1;2018/10/05 01:43:02;1234
1517;362;1;2018/10/05 01:43:02;1234
2147;1056;1;2018/10/05 01:43:02;1234
3949;1056;1;2018/10/05 01:43:02;1234
1482;355;1;2018/10/05 01:43:02;1234
1483;355;1;2018/10/05 01:43:02;1234
1545;368;1;2018/10/05 01:43:02;1234
1544;368;1;2018/10/05 01:43:02;1234
3775;1063;1;2018/10/05 01:43:02;1234
3106;1063;2;2018/10/05 01:43:02;1234
3980;1064;1;2018/10/05 01:43:02;1234
3106;1064;3;2018/10/05 01:43:02;1234
1303;259;1;2018/10/05 01:43:02;1234
1116;259;1;2018/10/05 01:43:02;1234
1596;379;1;2018/10/05 01:43:02;1234
1595;379;1;2018/10/05 01:43:02;1234
3994;1073;1;2018/10/05 01:43:02;1234
3034;1073;1;2018/10/05 01:43:02;1234
1414;340;1;2018/10/05 01:43:02;1234
1413;340;1;2018/10/05 01:43:02;1234
1995;476;1;2018/10/05 01:43:02;1234
1994;476;1;2018/10/05 01:43:02;1234
1340;320;1;2018/10/05 01:43:02;1234
1339;320;1;2018/10/05 01:43:02;1234
917;215;1;2018/10/05 01:43:02;1234
918;215;1;2018/10/05 01:43:02;1234
2101;502;1;2018/10/05 01:43:02;1234
2122;502;1;2018/10/05 01:43:02;1234
1631;386;1;2018/10/05 01:43:02;1234
1630;386;1;2018/10/05 01:43:02;1234
356;81;1;2018/10/05 01:43:02;1234
355;81;1;2018/10/05 01:43:02;1234
1471;352;1;2018/10/05 01:43:02;1234
1470;352;1;2018/10/05 01:43:02;1234
875;205;1;2018/10/05 01:43:02;1234
874;205;1;2018/10/05 01:43:02;1234
516;121;1;2018/10/05 01:43:02;1234
515;121;1;2018/10/05 01:43:02;1234
1398;336;1;2018/10/05 01:43:02;1234
1397;336;1;2018/10/05 01:43:02;1234
287;65;1;2018/10/05 01:43:02;1234
286;65;1;2018/10/05 01:43:02;1234
310;70;1;2018/10/05 01:43:02;1234
309;70;1;2018/10/05 01:43:02;1234
1130;262;1;2018/10/05 01:43:02;1234
1129;262;1;2018/10/05 01:43:02;1234
2868;698;1;2018/10/05 01:43:02;1234
2867;698;1;2018/10/05 01:43:02;1234
4119;1114;1;2018/10/05 01:43:02;1234
4118;1114;1;2018/10/05 01:43:02;1234
4120;1115;1;2018/10/05 01:43:02;1234
3742;1115;1;2018/10/05 01:43:02;1234
4123;1117;1;2018/10/05 01:43:02;1234
3767;1117;1;2018/10/05 01:43:02;1234
4125;1118;1;2018/10/05 01:43:02;1234
4124;1118;1;2018/10/05 01:43:02;1234
941;220;1;2018/10/05 01:43:02;1234
940;220;1;2018/10/05 01:43:02;1234
4127;1119;1;2018/10/05 01:43:02;1234
4126;1119;1;2018/10/05 01:43:02;1234
4128;1120;1;2018/10/05 01:43:02;1234
1695;1120;1;2018/10/05 01:43:02;1234
999;233;1;2018/10/05 01:43:02;1234
998;233;1;2018/10/05 01:43:02;1234
4130;1121;1;2018/10/05 01:43:02;1234
4129;1121;1;2018/10/05 01:43:02;1234
4131;1122;1;2018/10/05 01:43:02;1234
3720;1122;1;2018/10/05 01:43:02;1234
4132;1123;1;2018/10/05 01:43:02;1234
143;1123;1;2018/10/05 01:43:02;1234
4133;1124;1;2018/10/05 01:43:02;1234
3743;1124;1;2018/10/05 01:43:02;1234
4134;1125;1;2018/10/05 01:43:02;1234
3744;1125;1;2018/10/05 01:43:02;1234
1429;344;1;2018/10/05 01:43:02;1234
1428;344;1;2018/10/05 01:43:02;1234
2085;498;1;2018/10/05 01:43:02;1234
2084;498;1;2018/10/05 01:43:02;1234
2202;530;1;2018/10/05 01:43:02;1234
2201;530;1;2018/10/05 01:43:02;1234
1886;447;1;2018/10/05 01:43:02;1234
1885;447;1;2018/10/05 01:43:02;1234
414;96;1;2018/10/05 01:43:02;1234
413;96;1;2018/10/05 01:43:02;1234
2405;589;1;2018/10/05 01:43:02;1234
2404;589;1;2018/10/05 01:43:02;1234
3967;1060;1;2018/10/05 01:43:02;1234
2631;1060;1;2018/10/05 01:43:02;1234
2745;668;1;2018/10/05 01:43:02;1234
2744;668;1;2018/10/05 01:43:02;1234
1342;996;1;2018/10/05 01:43:02;1234
1341;996;1;2018/10/05 01:43:02;1234
2006;479;1;2018/10/05 01:43:02;1234
2005;479;1;2018/10/05 01:43:02;1234
4192;1144;1;2018/10/05 01:43:02;1234
4154;1144;1;2018/10/05 01:43:02;1234
1332;317;1;2018/10/05 01:43:02;1234
1331;317;1;2018/10/05 01:43:02;1234
1890;448;1;2018/10/05 01:43:02;1234
1889;448;1;2018/10/05 01:43:02;1234
1223;287;1;2018/10/05 01:43:02;1234
1222;287;1;2018/10/05 01:43:02;1234
3872;1022;1;2018/10/05 01:43:02;1234
21;1022;1;2018/10/05 01:43:02;1234
2232;540;1;2018/10/05 01:43:02;1234
2231;540;1;2018/10/05 01:43:02;1234
3518;938;2;2018/10/05 01:43:02;1234
1328;938;1;2018/10/05 01:43:02;1234
4239;1159;1;2018/10/05 01:43:02;1234
2874;700;1;2018/10/05 01:43:02;1234
2873;700;1;2018/10/05 01:43:02;1234
3236;802;1;2018/10/05 01:43:02;1234
3235;802;1;2018/10/05 01:43:02;1234
2221;535;1;2018/10/05 01:43:02;1234
2220;535;1;2018/10/05 01:43:02;1234
2043;489;1;2018/10/05 01:43:02;1234
2042;489;1;2018/10/05 01:43:02;1234
771;975;1;2018/10/05 01:43:02;1234
3776;975;1;2018/10/05 01:43:02;1234
632;148;1;2018/10/05 01:43:02;1234
631;148;1;2018/10/05 01:43:02;1234
2536;621;1;2018/10/05 01:43:02;1234
2535;621;1;2018/10/05 01:43:02;1234
636;149;1;2018/10/05 01:43:02;1234
635;149;1;2018/10/05 01:43:02;1234
2562;626;1;2018/10/05 01:43:02;1234
2561;626;1;2018/10/05 01:43:02;1234
4047;1092;1;2018/10/05 01:43:02;1234
4046;1092;1;2018/10/05 01:43:02;1234
2169;520;1;2018/10/05 01:43:02;1234
2168;520;1;2018/10/05 01:43:02;1234
1711;406;1;2018/10/05 01:43:02;1234
1710;406;1;2018/10/05 01:43:02;1234
586;137;1;2018/10/05 01:43:02;1234
585;137;1;2018/10/05 01:43:02;1234
482;113;1;2018/10/05 01:43:02;1234
481;113;1;2018/10/05 01:43:02;1234
1258;296;1;2018/10/05 01:43:02;1234
1257;296;1;2018/10/05 01:43:02;1234
4122;1116;1;2018/10/05 01:43:02;1234
4121;1116;1;2018/10/05 01:43:02;1234
3326;454;1;2018/10/05 01:43:02;1234
1909;454;1;2018/10/05 01:43:02;1234
3177;784;1;2018/10/05 01:43:02;1234
3176;784;1;2018/10/05 01:43:02;1234
1386;334;1;2018/10/05 01:43:02;1234
1385;334;1;2018/10/05 01:43:02;1234
1988;474;1;2018/10/05 01:43:02;1234
1987;474;1;2018/10/05 01:43:02;1234
1557;371;1;2018/10/05 01:43:02;1234
1556;371;1;2018/10/05 01:43:02;1234
1337;319;1;2018/10/05 01:43:02;1234
1336;319;1;2018/10/05 01:43:02;1234
3405;988;1;2018/10/05 01:43:02;1234
598;988;1;2018/10/05 01:43:02;1234
3253;991;1;2018/10/05 01:43:02;1234
616;991;1;2018/10/05 01:43:02;1234
4350;1182;1;2018/10/05 01:43:02;1234
3733;1182;1;2018/10/05 01:43:02;1234
2640;644;1;2018/10/05 01:43:02;1234
2639;644;1;2018/10/05 01:43:02;1234
1639;388;1;2018/10/05 01:43:02;1234
1638;388;1;2018/10/05 01:43:02;1234
4360;1186;1;2018/10/05 01:43:02;1234
4361;1186;1;2018/10/05 01:43:02;1234
4359;1185;1;2018/10/05 01:43:02;1234
4358;1185;1;2018/10/05 01:43:02;1234
1240;292;1;2018/10/05 01:43:02;1234
1239;292;1;2018/10/05 01:43:02;1234
4377;1197;1;2018/10/05 01:43:02;1234
4376;1197;1;2018/10/05 01:43:02;1234
4375;1195;1;2018/10/05 01:43:02;1234
2776;1195;1;2018/10/05 01:43:02;1234
3288;817;1;2018/10/05 01:43:02;1234
3287;817;1;2018/10/05 01:43:02;1234
2984;731;1;2018/10/05 01:43:02;1234
2983;731;1;2018/10/05 01:43:02;1234
1187;275;1;2018/10/05 01:43:02;1234
1185;275;1;2018/10/05 01:43:02;1234
4405;1206;1;2018/10/05 01:43:02;1234
4403;1206;1;2018/10/05 01:43:02;1234
89;21;1;2018/10/05 01:43:02;1234
88;21;1;2018/10/05 01:43:02;1234
979;228;1;2018/10/05 01:43:02;1234
978;228;1;2018/10/05 01:43:02;1234
1626;385;1;2018/10/05 01:43:02;1234
1625;385;1;2018/10/05 01:43:02;1234
1764;419;1;2018/10/05 01:43:02;1234
1763;419;1;2018/10/05 01:43:02;1234
784;184;1;2018/10/05 01:43:02;1234
783;184;1;2018/10/05 01:43:02;1234
798;188;1;2018/10/05 01:43:02;1234
797;188;1;2018/10/05 01:43:02;1234
905;212;1;2018/10/05 01:43:02;1234
904;212;1;2018/10/05 01:43:02;1234
1447;348;1;2018/10/05 01:43:02;1234
1446;348;1;2018/10/05 01:43:02;1234
2601;1175;1;2018/10/05 01:43:02;1234
4292;1175;1;2018/10/05 01:43:02;1234
1846;439;1;2018/10/05 01:43:02;1234
1845;439;1;2018/10/05 01:43:02;1234
1090;253;1;2018/10/05 01:43:02;1234
1089;253;1;2018/10/05 01:43:02;1234
3932;1050;1;2018/10/05 01:43:02;1234
1739;1050;1;2018/10/05 01:43:02;1234
1349;323;1;2018/10/05 01:43:02;1234
1348;323;1;2018/10/05 01:43:02;1234
3367;864;1;2018/10/05 01:43:02;1234
3484;864;1;2018/10/05 01:43:02;1234
4331;1180;1;2018/10/05 01:43:02;1234
4330;1180;1;2018/10/05 01:43:02;1234
863;202;1;2018/10/05 01:43:02;1234
862;202;1;2018/10/05 01:43:02;1234
2379;582;1;2018/10/05 01:43:02;1234
2378;582;1;2018/10/05 01:43:02;1234
4520;1230;1;2018/10/05 01:43:02;1234
3908;1230;1;2018/10/05 01:43:02;1234
1954;466;1;2018/10/05 01:43:02;1234
1953;466;1;2018/10/05 01:43:02;1234
4530;1232;1;2018/10/05 01:43:02;1234
330;1232;1;2018/10/05 01:43:02;1234
4407;1207;1;2018/10/05 01:43:02;1234
528;1207;1;2018/10/05 01:43:02;1234
4428;1213;1;2018/10/05 01:43:02;1234
4427;1213;1;2018/10/05 01:43:02;1234
4531;1234;1;2018/10/05 01:43:02;1234
2063;1234;1;2018/10/05 01:43:02;1234
4533;1236;1;2018/10/05 01:43:02;1234
1099;1236;1;2018/10/05 01:43:02;1234
1269;299;1;2018/10/05 01:43:02;1234
1268;299;1;2018/10/05 01:43:02;1234
1394;1187;1;2018/10/05 01:43:02;1234
1866;1187;1;2018/10/05 01:43:02;1234
2036;487;;2018/10/05 01:43:02;1234
2037;487;;2018/10/05 01:43:02;1234
350;80;;2018/10/05 01:43:02;1234
351;80;;2018/10/05 01:43:02;1234
2001;478;;2018/10/05 01:43:02;1234
2002;478;;2018/10/05 01:43:02;1234
1377;331;1;2018/10/05 01:43:02;1234
1376;331;1;2018/10/05 01:43:02;1234
4571;1248;1;2018/10/05 01:43:02;1234
737;1248;1;2018/10/05 01:43:02;1234
4572;1249;1;2018/10/05 01:43:02;1234
1740;1249;1;2018/10/05 01:43:02;1234
700;165;1;2018/10/05 01:43:02;1234
699;165;1;2018/10/05 01:43:02;1234
552;128;1;2018/10/05 01:43:02;1234
551;128;1;2018/10/05 01:43:02;1234
3650;989;1;2018/10/05 01:43:02;1234
1591;989;1;2018/10/05 01:43:02;1234
1834;435;1;2018/10/05 01:43:02;1234
1833;435;1;2018/10/05 01:43:02;1234
751;176;1;2018/10/05 01:43:02;1234
750;176;1;2018/10/05 01:43:02;1234
2975;727;1;2018/10/05 01:43:02;1234
2974;727;1;2018/10/05 01:43:02;1234
2811;681;1;2018/10/05 01:43:02;1234
2810;681;1;2018/10/05 01:43:02;1234
2357;575;1;2018/10/05 01:43:02;1234
2356;575;1;2018/10/05 01:43:02;1234
4605;1260;1;2018/10/05 01:43:02;1234
2062;1260;1;2018/10/05 01:43:02;1234
3427;849;1;2018/10/05 01:43:02;1234
3426;849;1;2018/10/05 01:43:02;1234
922;216;1;2018/10/05 01:43:02;1234
921;216;1;2018/10/05 01:43:02;1234
3516;870;1;2018/10/05 01:43:02;1234
3515;870;1;2018/10/05 01:43:02;1234
377;87;1;2018/10/05 01:43:02;1234
376;87;1;2018/10/05 01:43:02;1234
509;119;1;2018/10/05 01:43:02;1234
508;119;1;2018/10/05 01:43:02;1234
525;123;1;2018/10/05 01:43:02;1234
524;123;1;2018/10/05 01:43:02;1234
646;151;1;2018/10/05 01:43:02;1234
645;151;1;2018/10/05 01:43:02;1234
1335;318;1;2018/10/05 01:43:02;1234
1334;318;1;2018/10/05 01:43:02;1234
1356;326;1;2018/10/05 01:43:02;1234
1355;326;1;2018/10/05 01:43:02;1234
3431;850;1;2018/10/05 01:43:02;1234
3430;850;1;2018/10/05 01:43:02;1234
1827;433;1;2018/10/05 01:43:02;1234
1826;433;1;2018/10/05 01:43:02;1234
2093;500;1;2018/10/05 01:43:02;1234
2092;500;1;2018/10/05 01:43:02;1234
2155;516;1;2018/10/05 01:43:02;1234
2154;516;1;2018/10/05 01:43:02;1234
2956;722;1;2018/10/05 01:43:02;1234
2955;722;1;2018/10/05 01:43:02;1234
3012;740;1;2018/10/05 01:43:02;1234
3011;740;1;2018/10/05 01:43:02;1234
3018;742;1;2018/10/05 01:43:02;1234
3017;742;1;2018/10/05 01:43:02;1234
3091;762;1;2018/10/05 01:43:02;1234
3090;762;1;2018/10/05 01:43:02;1234
647;951;1;2018/10/05 01:43:02;1234
3348;951;1;2018/10/05 01:43:02;1234
3181;786;1;2018/10/05 01:43:02;1234
3180;786;1;2018/10/05 01:43:02;1234
3191;789;1;2018/10/05 01:43:02;1234
3190;789;1;2018/10/05 01:43:02;1234
3213;799;1;2018/10/05 01:43:02;1234
3212;799;1;2018/10/05 01:43:02;1234
3536;933;2;2018/10/05 01:43:02;1234
336;933;1;2018/10/05 01:43:02;1234
3647;943;1;2018/10/05 01:43:02;1234
1621;943;1;2018/10/05 01:43:02;1234
3829;1008;1;2018/10/05 01:43:02;1234
3828;1008;1;2018/10/05 01:43:02;1234
4070;1102;1;2018/10/05 01:43:02;1234
4069;1102;1;2018/10/05 01:43:02;1234
117;27;1;2018/10/05 01:43:02;1234
116;27;1;2018/10/05 01:43:02;1234
214;47;1;2018/10/05 01:43:02;1234
213;47;1;2018/10/05 01:43:02;1234
577;135;1;2018/10/05 01:43:02;1234
576;135;1;2018/10/05 01:43:02;1234
660;155;1;2018/10/05 01:43:02;1234
659;155;1;2018/10/05 01:43:02;1234
829;195;1;2018/10/05 01:43:02;1234
828;195;1;2018/10/05 01:43:02;1234
952;223;1;2018/10/05 01:43:02;1234
951;223;1;2018/10/05 01:43:02;1234
1011;235;1;2018/10/05 01:43:02;1234
1010;235;1;2018/10/05 01:43:02;1234
1135;263;1;2018/10/05 01:43:02;1234
1134;263;1;2018/10/05 01:43:02;1234
1203;282;1;2018/10/05 01:43:02;1234
1202;282;1;2018/10/05 01:43:02;1234
1234;290;1;2018/10/05 01:43:02;1234
1233;290;1;2018/10/05 01:43:02;1234
1322;314;1;2018/10/05 01:43:02;1234
1321;314;1;2018/10/05 01:43:02;1234
1440;346;1;2018/10/05 01:43:02;1234
1439;346;1;2018/10/05 01:43:02;1234
1501;358;1;2018/10/05 01:43:02;1234
1500;358;1;2018/10/05 01:43:02;1234
1813;430;1;2018/10/05 01:43:02;1234
1812;430;1;2018/10/05 01:43:02;1234
1892;449;1;2018/10/05 01:43:02;1234
1891;449;1;2018/10/05 01:43:02;1234
1984;473;1;2018/10/05 01:43:02;1234
1983;473;1;2018/10/05 01:43:02;1234
2057;492;1;2018/10/05 01:43:02;1234
2056;492;1;2018/10/05 01:43:02;1234
2402;588;1;2018/10/05 01:43:02;1234
2401;588;1;2018/10/05 01:43:02;1234
2630;642;1;2018/10/05 01:43:02;1234
2629;642;1;2018/10/05 01:43:02;1234
2648;646;1;2018/10/05 01:43:02;1234
2647;646;1;2018/10/05 01:43:02;1234
4245;1161;1;2018/10/05 01:43:02;1234
4244;1161;1;2018/10/05 01:43:02;1234
3521;874;1;2018/10/05 01:43:02;1234
2078;874;1;2018/10/05 01:43:02;1234
2935;716;1;2018/10/05 01:43:02;1234
2934;716;1;2018/10/05 01:43:02;1234
3057;753;1;2018/10/05 01:43:02;1234
3056;753;1;2018/10/05 01:43:02;1234
3179;785;1;2018/10/05 01:43:02;1234
3178;785;1;2018/10/05 01:43:02;1234
3203;794;1;2018/10/05 01:43:02;1234
3202;794;1;2018/10/05 01:43:02;1234
3303;978;2;2018/10/05 01:43:02;1234
992;978;1;2018/10/05 01:43:02;1234
1571;973;1;2018/10/05 01:43:02;1234
578;973;1;2018/10/05 01:43:02;1234
3604;897;1;2018/10/05 01:43:02;1234
3603;897;1;2018/10/05 01:43:02;1234
3610;898;1;2018/10/05 01:43:02;1234
3609;898;1;2018/10/05 01:43:02;1234
3614;899;1;2018/10/05 01:43:02;1234
3613;899;1;2018/10/05 01:43:02;1234
3885;1034;1;2018/10/05 01:43:02;1234
3884;1034;1;2018/10/05 01:43:02;1234
3832;1009;1;2018/10/05 01:43:02;1234
3831;1009;1;2018/10/05 01:43:02;1234
3856;1014;1;2018/10/05 01:43:02;1234
3840;1014;1;2018/10/05 01:43:02;1234
4205;1145;1;2018/10/05 01:43:02;1234
4204;1145;1;2018/10/05 01:43:02;1234
4450;1217;1;2018/10/05 01:43:02;1234
4449;1217;1;2018/10/05 01:43:02;1234
47;12;1;2018/10/05 01:43:02;1234
46;12;1;2018/10/05 01:43:02;1234
195;43;1;2018/10/05 01:43:02;1234
194;43;1;2018/10/05 01:43:02;1234
1065;247;1;2018/10/05 01:43:02;1234
1064;247;1;2018/10/05 01:43:02;1234
1218;286;1;2018/10/05 01:43:02;1234
1217;286;1;2018/10/05 01:43:02;1234
1672;396;1;2018/10/05 01:43:02;1234
1671;396;1;2018/10/05 01:43:02;1234
1839;437;1;2018/10/05 01:43:02;1234
1838;437;1;2018/10/05 01:43:02;1234
1998;477;1;2018/10/05 01:43:02;1234
1997;477;1;2018/10/05 01:43:02;1234
4502;1226;1;2018/10/05 01:43:02;1234
4501;1226;1;2018/10/05 01:43:02;1234
2419;592;1;2018/10/05 01:43:02;1234
2418;592;1;2018/10/05 01:43:02;1234
2449;600;1;2018/10/05 01:43:02;1234
2448;600;1;2018/10/05 01:43:02;1234
2505;614;1;2018/10/05 01:43:02;1234
2504;614;1;2018/10/05 01:43:02;1234
2533;620;1;2018/10/05 01:43:02;1234
2532;620;1;2018/10/05 01:43:02;1234
4079;1105;1;2018/10/05 01:43:02;1234
4078;1105;1;2018/10/05 01:43:02;1234
2676;652;1;2018/10/05 01:43:02;1234
2675;652;1;2018/10/05 01:43:02;1234
2807;680;1;2018/10/05 01:43:02;1234
2806;680;1;2018/10/05 01:43:02;1234
2963;724;1;2018/10/05 01:43:02;1234
2962;724;1;2018/10/05 01:43:02;1234
3099;764;1;2018/10/05 01:43:02;1234
3098;764;1;2018/10/05 01:43:02;1234
3108;767;1;2018/10/05 01:43:02;1234
3107;767;1;2018/10/05 01:43:02;1234
3111;768;1;2018/10/05 01:43:02;1234
3110;768;1;2018/10/05 01:43:02;1234
3117;770;1;2018/10/05 01:43:02;1234
3116;770;1;2018/10/05 01:43:02;1234
3549;885;1;2018/10/05 01:43:02;1234
2917;885;1;2018/10/05 01:43:02;1234
3201;793;1;2018/10/05 01:43:02;1234
3200;793;1;2018/10/05 01:43:02;1234
867;982;1;2018/10/05 01:43:02;1234
1100;982;2;2018/10/05 01:43:02;1234
3565;891;1;2018/10/05 01:43:02;1234
3564;891;1;2018/10/05 01:43:02;1234
826;194;1;2018/10/05 01:43:02;1234
825;194;1;2018/10/05 01:43:02;1234
1160;269;1;2018/10/05 01:43:02;1234
1159;269;1;2018/10/05 01:43:02;1234
1175;273;1;2018/10/05 01:43:02;1234
1174;273;1;2018/10/05 01:43:02;1234
1277;301;1;2018/10/05 01:43:02;1234
1276;301;1;2018/10/05 01:43:02;1234
1368;329;1;2018/10/05 01:43:02;1234
1367;329;1;2018/10/05 01:43:02;1234
1508;360;1;2018/10/05 01:43:02;1234
1507;360;1;2018/10/05 01:43:02;1234
1527;364;1;2018/10/05 01:43:02;1234
1526;364;1;2018/10/05 01:43:02;1234
1959;468;1;2018/10/05 01:43:02;1234
1958;468;1;2018/10/05 01:43:02;1234
2089;499;1;2018/10/05 01:43:02;1234
2088;499;1;2018/10/05 01:43:02;1234
2317;565;1;2018/10/05 01:43:02;1234
2316;565;1;2018/10/05 01:43:02;1234
2460;603;1;2018/10/05 01:43:02;1234
2459;603;1;2018/10/05 01:43:02;1234
2529;619;1;2018/10/05 01:43:02;1234
2528;619;1;2018/10/05 01:43:02;1234
2821;685;1;2018/10/05 01:43:02;1234
2820;685;1;2018/10/05 01:43:02;1234
2832;689;1;2018/10/05 01:43:02;1234
2831;689;1;2018/10/05 01:43:02;1234
2872;699;1;2018/10/05 01:43:02;1234
2871;699;1;2018/10/05 01:43:02;1234
2967;725;1;2018/10/05 01:43:02;1234
2966;725;1;2018/10/05 01:43:02;1234
3899;1038;1;2018/10/05 01:43:02;1234
3898;1038;1;2018/10/05 01:43:02;1234
258;58;1;2018/10/05 01:43:02;1234
257;58;1;2018/10/05 01:43:02;1234
619;146;1;2018/10/05 01:43:02;1234
618;146;1;2018/10/05 01:43:02;1234
1758;417;1;2018/10/05 01:43:02;1234
1757;417;1;2018/10/05 01:43:02;1234
1837;436;1;2018/10/05 01:43:02;1234
1836;436;1;2018/10/05 01:43:02;1234
947;222;1;2018/10/05 01:43:02;1234
946;222;1;2018/10/05 01:43:02;1234
341;78;1;2018/10/05 01:43:02;1234
340;78;1;2018/10/05 01:43:02;1234
2381;583;1;2018/10/05 01:43:02;1234
3271;968;1;2018/10/05 01:43:02;1234
3248;974;1;2018/10/05 01:43:02;1234
2408;974;1;2018/10/05 01:43:02;1234
2380;583;1;2018/10/05 01:43:02;1234
2445;599;1;2018/10/05 01:43:02;1234
2444;599;1;2018/10/05 01:43:02;1234
2672;651;1;2018/10/05 01:43:02;1234
2671;651;1;2018/10/05 01:43:02;1234
52;13;1;2018/10/05 01:43:02;1234
51;13;1;2018/10/05 01:43:02;1234
289;66;1;2018/10/05 01:43:02;1234
288;66;1;2018/10/05 01:43:02;1234
404;94;1;2018/10/05 01:43:02;1234
403;94;1;2018/10/05 01:43:02;1234
505;118;1;2018/10/05 01:43:02;1234
504;118;1;2018/10/05 01:43:02;1234
3277;814;1;2018/10/05 01:43:02;1234
3276;814;1;2018/10/05 01:43:02;1234
3306;941;2;2018/10/05 01:43:02;1234
1436;941;1;2018/10/05 01:43:02;1234
327;968;1;2018/10/05 01:43:02;1234
438;101;1;2018/10/05 01:43:02;1234
437;101;1;2018/10/05 01:43:02;1234
656;154;1;2018/10/05 01:43:02;1234
655;154;1;2018/10/05 01:43:02;1234
1214;285;1;2018/10/05 01:43:02;1234
1213;285;1;2018/10/05 01:43:02;1234
1305;309;1;2018/10/05 01:43:02;1234
1304;309;1;2018/10/05 01:43:02;1234
1562;372;1;2018/10/05 01:43:02;1234
1561;372;1;2018/10/05 01:43:02;1234
1635;387;1;2018/10/05 01:43:02;1234
1634;387;1;2018/10/05 01:43:02;1234
1697;402;1;2018/10/05 01:43:02;1234
1696;402;1;2018/10/05 01:43:02;1234
2566;627;1;2018/10/05 01:43:02;1234
2565;627;1;2018/10/05 01:43:02;1234
1737;413;1;2018/10/05 01:43:02;1234
1736;413;1;2018/10/05 01:43:02;1234
4103;1109;1;2018/10/05 01:43:02;1234
4102;1109;1;2018/10/05 01:43:02;1234
2558;625;1;2018/10/05 01:43:02;1234
2557;625;1;2018/10/05 01:43:02;1234
2597;635;1;2018/10/05 01:43:02;1234
2596;635;1;2018/10/05 01:43:02;1234
2798;677;1;2018/10/05 01:43:02;1234
2797;677;1;2018/10/05 01:43:02;1234
3448;855;1;2018/10/05 01:43:02;1234
3447;855;1;2018/10/05 01:43:02;1234
3275;969;1;2018/10/05 01:43:02;1234
362;969;1;2018/10/05 01:43:02;1234
1061;246;1;2018/10/05 01:43:02;1234
1060;246;1;2018/10/05 01:43:02;1234
3627;960;2;2018/10/05 01:43:02;1234
1496;960;1;2018/10/05 01:43:02;1234
1451;349;1;2018/10/05 01:43:02;1234
1450;349;1;2018/10/05 01:43:02;1234
1808;429;1;2018/10/05 01:43:02;1234
1807;429;1;2018/10/05 01:43:02;1234
1875;444;1;2018/10/05 01:43:02;1234
1874;444;1;2018/10/05 01:43:02;1234
1931;460;1;2018/10/05 01:43:02;1234
1930;460;1;2018/10/05 01:43:02;1234
2900;707;1;2018/10/05 01:43:02;1234
2899;707;1;2018/10/05 01:43:02;1234
3297;995;2;2018/10/05 01:43:02;1234
2805;995;1;2018/10/05 01:43:02;1234
3022;743;1;2018/10/05 01:43:02;1234
3021;743;1;2018/10/05 01:43:02;1234
2011;480;1;2018/10/05 01:43:02;1234
2010;480;1;2018/10/05 01:43:02;1234
2287;555;1;2018/10/05 01:43:02;1234
2286;555;1;2018/10/05 01:43:02;1234
2295;558;1;2018/10/05 01:43:02;1234
2294;558;1;2018/10/05 01:43:02;1234
3488;937;2;2018/10/05 01:43:02;1234
609;937;1;2018/10/05 01:43:02;1234
2396;587;1;2018/10/05 01:43:02;1234
2395;587;1;2018/10/05 01:43:02;1234
2604;637;1;2018/10/05 01:43:02;1234
2603;637;1;2018/10/05 01:43:02;1234
2687;655;1;2018/10/05 01:43:02;1234
2686;655;1;2018/10/05 01:43:02;1234
2731;665;1;2018/10/05 01:43:02;1234
2730;665;1;2018/10/05 01:43:02;1234
2863;697;1;2018/10/05 01:43:02;1234
2862;697;1;2018/10/05 01:43:02;1234
2910;709;1;2018/10/05 01:43:02;1234
2909;709;1;2018/10/05 01:43:02;1234
2939;717;1;2018/10/05 01:43:02;1234
2938;717;1;2018/10/05 01:43:02;1234
3665;935;2;2018/10/05 01:43:02;1234
2711;935;1;2018/10/05 01:43:02;1234
3455;857;1;2018/10/05 01:43:02;1234
3454;857;1;2018/10/05 01:43:02;1234
1973;471;1;2018/10/05 01:43:02;1234
1972;471;1;2018/10/05 01:43:02;1234
4618;1267;1;2018/10/05 01:43:02;1234
1101;1267;1;2018/10/05 01:43:02;1234
2260;547;1;2018/10/05 01:43:02;1234
2259;547;1;2018/10/05 01:43:02;1234
3509;868;1;2018/10/05 01:43:02;1234
3508;868;1;2018/10/05 01:43:02;1234
4620;1269;1;2018/10/05 01:43:02;1234
224;1269;1;2018/10/05 01:43:02;1234
914;214;;2018/10/05 01:43:02;1234
915;214;;2018/10/05 01:43:02;1234
1057;245;;2018/10/05 01:43:02;1234
1058;245;;2018/10/05 01:43:02;1234
1926;459;;2018/10/05 01:43:02;1234
1927;459;;2018/10/05 01:43:02;1234
4623;1271;1;2018/10/05 01:43:02;1234
2471;1271;1;2018/10/05 01:43:02;1234
1842;438;1;2018/10/05 01:43:02;1234
1841;438;1;2018/10/05 01:43:02;1234
677;160;1;2018/10/05 01:43:02;1234
676;160;1;2018/10/05 01:43:02;1234
4624;1272;1;2018/10/05 01:43:02;1234
474;1272;1;2018/10/05 01:43:02;1234
3010;739;1;2018/10/05 01:43:02;1234
3009;739;1;2018/10/05 01:43:02;1234
1052;244;1;2018/10/05 01:43:02;1234
1051;244;1;2018/10/05 01:43:02;1234
3453;957;2;2018/10/05 01:43:02;1234
3000;957;1;2018/10/05 01:43:02;1234
466;109;1;2018/10/05 01:43:02;1234
465;109;1;2018/10/05 01:43:02;1234
3196;791;1;2018/10/05 01:43:02;1234
3195;791;1;2018/10/05 01:43:02;1234
1895;450;1;2018/10/05 01:43:02;1234
1894;450;1;2018/10/05 01:43:02;1234
2501;613;1;2018/10/05 01:43:02;1234
2500;613;1;2018/10/05 01:43:02;1234
968;226;1;2018/10/05 01:43:02;1234
967;226;1;2018/10/05 01:43:02;1234
3552;888;1;2018/10/05 01:43:02;1234
3551;888;1;2018/10/05 01:43:02;1234
2981;729;1;2018/10/05 01:43:02;1234
2980;729;1;2018/10/05 01:43:02;1234
4532;1235;1;2018/10/05 01:43:02;1234
1296;1235;1;2018/10/05 01:43:02;1234
3388;990;1;2018/10/05 01:43:02;1234
1610;990;1;2018/10/05 01:43:02;1234
3168;782;1;2018/10/05 01:43:02;1234
3169;782;1;2018/10/05 01:43:02;1234
4366;1189;1;2018/10/05 01:43:02;1234
1327;1189;1;2018/10/05 01:43:02;1234
3700;931;2;2018/10/05 01:43:02;1234
215;931;1;2018/10/05 01:43:02;1234
2021;483;1;2018/10/05 01:43:02;1234
2020;483;1;2018/10/05 01:43:02;1234
3434;851;1;2018/10/05 01:43:02;1234
3433;851;1;2018/10/05 01:43:02;1234
1825;1261;;2018/10/05 01:43:02;1234
4606;1261;;2018/10/05 01:43:02;1234
1743;414;1;2018/10/05 01:43:02;1234
1742;414;1;2018/10/05 01:43:02;1234
4619;1268;1;2018/10/05 01:43:02;1234
2949;1268;1;2018/10/05 01:43:02;1234
4598;1259;1;2018/10/05 01:43:02;1234
2526;1259;1;2018/10/05 01:43:02;1234
2525;618;1;2018/10/05 01:43:02;1234
2524;618;1;2018/10/05 01:43:02;1234
4678;1285;1;2018/10/05 01:43:02;1234
1616;1285;1;2018/10/05 01:43:02;1234
1157;268;1;2018/10/05 01:43:02;1234
1155;268;1;2018/10/05 01:43:02;1234
3797;998;1;2018/10/05 01:43:02;1234
772;998;1;2018/10/05 01:43:02;1234
4575;1252;1;2018/10/05 01:43:02;1234
843;1252;1;2018/10/05 01:43:02;1234
4542;1242;1;2018/10/05 01:43:02;1234
4541;1242;1;2018/10/05 01:43:02;1234
4061;1098;1;2018/10/05 01:43:02;1234
4060;1098;1;2018/10/05 01:43:02;1234
627;147;1;2018/10/05 01:43:02;1234
626;147;1;2018/10/05 01:43:02;1234
891;1023;1;2018/10/05 01:43:02;1234
3873;1023;1;2018/10/05 01:43:02;1234
4454;1218;;2018/10/05 01:43:02;1234
4455;1218;;2018/10/05 01:43:02;1234
1647;390;1;2018/10/05 01:43:02;1234
1646;390;1;2018/10/05 01:43:02;1234
1505;359;1;2018/10/05 01:43:02;1234
1504;359;1;2018/10/05 01:43:02;1234
467;110;;2018/10/05 01:43:02;1234
468;110;;2018/10/05 01:43:02;1234
691;163;;2018/10/05 01:43:02;1234
692;163;;2018/10/05 01:43:02;1234
1022;238;;2018/10/05 01:43:02;1234
1023;238;;2018/10/05 01:43:02;1234
2880;702;;2018/10/05 01:43:02;1234
2881;702;;2018/10/05 01:43:02;1234
1098;255;1;2018/10/05 01:43:02;1234
1097;255;1;2018/10/05 01:43:02;1234
2123;508;;2018/10/05 01:43:02;1234
2124;508;;2018/10/05 01:43:02;1234
4607;1262;1;2018/10/05 01:43:02;1234
3965;1262;1;2018/10/05 01:43:02;1234
706;167;1;2018/10/05 01:43:02;1234
705;167;1;2018/10/05 01:43:02;1234
2061;493;1;2018/10/05 01:43:02;1234
2060;493;1;2018/10/05 01:43:02;1234
3417;946;2;2018/10/05 01:43:02;1234
760;946;1;2018/10/05 01:43:02;1234
3479;983;1;2018/10/05 01:43:02;1234
761;983;1;2018/10/05 01:43:02;1234
759;179;1;2018/10/05 01:43:02;1234
758;179;1;2018/10/05 01:43:02;1234
1652;391;1;2018/10/05 01:43:02;1234
1651;391;1;2018/10/05 01:43:02;1234
4569;1246;1;2018/10/05 01:43:02;1234
975;1246;1;2018/10/05 01:43:02;1234
773;182;;2018/10/05 01:43:02;1234
774;182;;2018/10/05 01:43:02;1234
1329;316;;2018/10/05 01:43:02;1234
1330;316;;2018/10/05 01:43:02;1234
1200;281;;2018/10/05 01:43:02;1234
1201;281;;2018/10/05 01:43:02;1234
1426;343;;2018/10/05 01:43:02;1234
1427;343;;2018/10/05 01:43:02;1234
1486;356;;2018/10/05 01:43:02;1234
1487;356;;2018/10/05 01:43:02;1234
1660;393;;2018/10/05 01:43:02;1234
1661;393;;2018/10/05 01:43:02;1234
2129;509;;2018/10/05 01:43:02;1234
2130;509;;2018/10/05 01:43:02;1234
359;82;;2018/10/05 01:43:02;1234
360;82;;2018/10/05 01:43:02;1234
606;144;;2018/10/05 01:43:02;1234
607;144;;2018/10/05 01:43:02;1234
1260;297;;2018/10/05 01:43:02;1234
1261;297;;2018/10/05 01:43:02;1234
2615;640;;2018/10/05 01:43:02;1234
2616;640;;2018/10/05 01:43:02;1234
2654;648;;2018/10/05 01:43:02;1234
2655;648;;2018/10/05 01:43:02;1234
2425;594;;2018/10/05 01:43:02;1234
2426;594;;2018/10/05 01:43:02;1234
221;49;;2018/10/05 01:43:02;1234
222;49;;2018/10/05 01:43:02;1234
1752;416;;2018/10/05 01:43:02;1234
1753;416;;2018/10/05 01:43:02;1234
407;95;;2018/10/05 01:43:02;1234
408;95;;2018/10/05 01:43:02;1234
809;191;;2018/10/05 01:43:02;1234
810;191;;2018/10/05 01:43:02;1234
2046;490;;2018/10/05 01:43:02;1234
2047;490;;2018/10/05 01:43:02;1234
2308;561;;2018/10/05 01:43:02;1234
2310;561;;2018/10/05 01:43:02;1234
883;207;;2018/10/05 01:43:02;1234
884;207;;2018/10/05 01:43:02;1234
1094;254;1;2018/10/05 01:43:02;1234
1093;254;1;2018/10/05 01:43:02;1234
817;192;1;2018/10/05 01:43:02;1234
816;192;1;2018/10/05 01:43:02;1234
77;18;1;2018/10/05 01:43:02;1234
76;18;1;2018/10/05 01:43:02;1234
2828;687;1;2018/10/05 01:43:02;1234
2827;687;1;2018/10/05 01:43:02;1234
4713;1294;1;2018/10/05 01:43:02;1234
4712;1294;1;2018/10/05 01:43:02;1234
1979;472;1;2018/10/05 01:43:02;1234
1978;472;1;2018/10/05 01:43:02;1234
2151;515;1;2018/10/05 01:43:02;1234
2150;515;1;2018/10/05 01:43:02;1234
2335;570;1;2018/10/05 01:43:02;1234
2334;570;1;2018/10/05 01:43:02;1234
126;30;1;2018/10/05 01:43:02;1234
125;30;1;2018/10/05 01:43:02;1234
3945;1052;1;2018/10/05 01:43:02;1234
1310;1052;1;2018/10/05 01:43:02;1234
4608;1263;1;2018/10/05 01:43:02;1234
1007;1263;1;2018/10/05 01:43:02;1234
1003;234;1;2018/10/05 01:43:02;1234
1002;234;1;2018/10/05 01:43:02;1234
2692;656;1;2018/10/05 01:43:02;1234
2691;656;1;2018/10/05 01:43:02;1234
85;20;1;2018/10/05 01:43:02;1234
84;20;1;2018/10/05 01:43:02;1234
104;24;1;2018/10/05 01:43:02;1234
103;24;1;2018/10/05 01:43:02;1234
149;34;1;2018/10/05 01:43:02;1234
148;34;1;2018/10/05 01:43:02;1234
197;44;1;2018/10/05 01:43:02;1234
198;44;1;2018/10/05 01:43:02;1234
80;19;1;2018/10/05 01:43:02;1234
79;19;1;2018/10/05 01:43:02;1234
1036;240;1;2018/10/05 01:43:02;1234
1035;240;1;2018/10/05 01:43:02;1234
81;980;1;2018/10/05 01:43:02;1234
3279;980;2;2018/10/05 01:43:02;1234
3381;984;2;2018/10/05 01:43:02;1234
1880;984;1;2018/10/05 01:43:02;1234
4616;1265;1;2018/10/05 01:43:02;1234
1796;1265;1;2018/10/05 01:43:02;1234
3481;939;2;2018/10/05 01:43:02;1234
328;939;1;2018/10/05 01:43:02;1234
4;953;1;2018/10/05 01:43:02;1234
3437;953;2;2018/10/05 01:43:02;1234
139;32;1;2018/10/05 01:43:02;1234
138;32;1;2018/10/05 01:43:02;1234
3325;992;1;2018/10/05 01:43:02;1234
931;992;1;2018/10/05 01:43:02;1234
796;187;1;2018/10/05 01:43:02;1234
795;187;1;2018/10/05 01:43:02;1234
2843;692;1;2018/10/05 01:43:02;1234
2842;692;1;2018/10/05 01:43:02;1234
1074;250;1;2018/10/05 01:43:02;1234
1073;250;1;2018/10/05 01:43:02;1234
2850;694;1;2018/10/05 01:43:02;1234
2849;694;1;2018/10/05 01:43:02;1234
3040;748;1;2018/10/05 01:43:02;1234
3039;748;1;2018/10/05 01:43:02;1234
933;218;1;2018/10/05 01:43:02;1234
932;218;1;2018/10/05 01:43:02;1234
2248;544;1;2018/10/05 01:43:02;1234
2247;544;1;2018/10/05 01:43:02;1234
2993;734;1;2018/10/05 01:43:02;1234
2992;734;1;2018/10/05 01:43:02;1234
3379;985;2;2018/10/05 01:43:02;1234
2948;985;1;2018/10/05 01:43:02;1234
4357;1184;1;2018/10/05 01:43:02;1234
4356;1184;1;2018/10/05 01:43:02;1234
3162;780;1;2018/10/05 01:43:02;1234
3161;780;1;2018/10/05 01:43:02;1234
3016;741;1;2018/10/05 01:43:02;1234
3015;741;1;2018/10/05 01:43:02;1234
491;115;1;2018/10/05 01:43:02;1234
490;115;1;2018/10/05 01:43:02;1234
1125;261;1;2018/10/05 01:43:02;1234
1124;261;1;2018/10/05 01:43:02;1234
848;199;1;2018/10/05 01:43:02;1234
847;199;1;2018/10/05 01:43:02;1234
4402;1205;1;2018/10/05 01:43:02;1234
4401;1205;1;2018/10/05 01:43:02;1234
1480;354;1;2018/10/05 01:43:02;1234
1479;354;1;2018/10/05 01:43:02;1234
3805;1000;1;2018/10/05 01:43:02;1234
3804;1000;1;2018/10/05 01:43:02;1234
873;204;1;2018/10/05 01:43:02;1234
872;204;1;2018/10/05 01:43:02;1234
2645;645;1;2018/10/05 01:43:02;1234
2644;645;1;2018/10/05 01:43:02;1234
1680;398;1;2018/10/05 01:43:02;1234
1679;398;1;2018/10/05 01:43:02;1234
2761;671;1;2018/10/05 01:43:02;1234
2760;671;1;2018/10/05 01:43:02;1234
1317;313;1;2018/10/05 01:43:02;1234
1316;313;1;2018/10/05 01:43:02;1234
2665;650;1;2018/10/05 01:43:02;1234
2664;650;1;2018/10/05 01:43:02;1234
2725;664;1;2018/10/05 01:43:02;1234
2724;664;1;2018/10/05 01:43:02;1234
1831;434;1;2018/10/05 01:43:02;1234
1830;434;1;2018/10/05 01:43:02;1234
3419;979;2;2018/10/05 01:43:02;1234
319;979;1;2018/10/05 01:43:02;1234
3149;777;1;2018/10/05 01:43:02;1234
3148;777;1;2018/10/05 01:43:02;1234
1776;422;1;2018/10/05 01:43:02;1234
1775;422;1;2018/10/05 01:43:02;1234
1781;423;1;2018/10/05 01:43:02;1234
1780;423;1;2018/10/05 01:43:02;1234
3207;796;1;2018/10/05 01:43:02;1234
3206;796;1;2018/10/05 01:43:02;1234
2684;654;;2018/10/05 01:43:02;1234
2685;654;;2018/10/05 01:43:02;1234
119;28;;2018/10/05 01:43:02;1234
120;28;;2018/10/05 01:43:02;1234
166;37;;2018/10/05 01:43:02;1234
167;37;;2018/10/05 01:43:02;1234
261;59;;2018/10/05 01:43:02;1234
262;59;;2018/10/05 01:43:02;1234
369;85;;2018/10/05 01:43:02;1234
370;85;;2018/10/05 01:43:02;1234
455;107;;2018/10/05 01:43:02;1234
456;107;;2018/10/05 01:43:02;1234
537;126;;2018/10/05 01:43:02;1234
538;126;;2018/10/05 01:43:02;1234
574;134;;2018/10/05 01:43:02;1234
575;134;;2018/10/05 01:43:02;1234
593;140;;2018/10/05 01:43:02;1234
594;140;;2018/10/05 01:43:02;1234
667;157;;2018/10/05 01:43:02;1234
668;157;;2018/10/05 01:43:02;1234
897;210;;2018/10/05 01:43:02;1234
898;210;;2018/10/05 01:43:02;1234
990;231;;2018/10/05 01:43:02;1234
991;231;;2018/10/05 01:43:02;1234
1109;257;;2018/10/05 01:43:02;1234
1110;257;;2018/10/05 01:43:02;1234
2432;595;;2018/10/05 01:43:02;1234
2433;595;;2018/10/05 01:43:02;1234
1691;401;;2018/10/05 01:43:02;1234
1692;401;;2018/10/05 01:43:02;1234
961;225;1;2018/10/05 01:43:02;1234
960;225;1;2018/10/05 01:43:02;1234
74;17;1;2018/10/05 01:43:02;1234
73;17;1;2018/10/05 01:43:02;1234
1522;363;1;2018/10/05 01:43:02;1234
1521;363;1;2018/10/05 01:43:02;1234
4647;1279;1;2018/10/05 01:43:02;1234
2806;1279;2;2018/10/05 01:43:02;1234
1540;367;1;2018/10/05 01:43:02;1234
1539;367;1;2018/10/05 01:43:02;1234
3686;954;2;2018/10/05 01:43:02;1234
824;954;1;2018/10/05 01:43:02;1234
3321;944;1;2018/10/05 01:43:02;1234
1045;944;1;2018/10/05 01:43:02;1234
2944;719;1;2018/10/05 01:43:02;1234
2943;719;1;2018/10/05 01:43:02;1234
2889;704;1;2018/10/05 01:43:02;1234
2888;704;1;2018/10/05 01:43:02;1234
710;168;1;2018/10/05 01:43:02;1234
709;168;1;2018/10/05 01:43:02;1234
696;164;1;2018/10/05 01:43:02;1234
695;164;1;2018/10/05 01:43:02;1234
1945;963;1;2018/10/05 01:43:02;1234
1150;963;1;2018/10/05 01:43:02;1234
2771;673;1;2018/10/05 01:43:02;1234
2770;673;1;2018/10/05 01:43:02;1234
2199;529;1;2018/10/05 01:43:02;1234
2198;529;1;2018/10/05 01:43:02;1234
3318;277;1;2018/10/05 01:43:02;1234
1192;277;1;2018/10/05 01:43:02;1234
1113;258;1;2018/10/05 01:43:02;1234
1112;258;1;2018/10/05 01:43:02;1234
2;1;1;2018/10/05 01:43:02;1234
1;1;1;2018/10/05 01:43:02;1234
2611;639;1;2018/10/05 01:43:02;1234
2610;639;1;2018/10/05 01:43:02;1234
1902;452;1;2018/10/05 01:43:02;1234
1901;452;1;2018/10/05 01:43:02;1234
486;114;1;2018/10/05 01:43:02;1234
485;114;1;2018/10/05 01:43:02;1234
3981;1065;1;2018/10/05 01:43:02;1234
3980;1065;2;2018/10/05 01:43:02;1234
2977;728;1;2018/10/05 01:43:02;1234
2976;728;1;2018/10/05 01:43:02;1234
2779;674;1;2018/10/05 01:43:02;1234
2778;674;1;2018/10/05 01:43:02;1234
2473;606;1;2018/10/05 01:43:02;1234
2472;606;1;2018/10/05 01:43:02;1234
2321;566;1;2018/10/05 01:43:02;1234
2320;566;1;2018/10/05 01:43:02;1234
2662;649;1;2018/10/05 01:43:02;1234
2661;649;1;2018/10/05 01:43:02;1234
2072;495;1;2018/10/05 01:43:02;1234
2071;495;1;2018/10/05 01:43:02;1234
2928;713;1;2018/10/05 01:43:02;1234
2927;713;1;2018/10/05 01:43:02;1234
3366;833;1;2018/10/05 01:43:02;1234
3365;833;1;2018/10/05 01:43:02;1234
388;90;1;2018/10/05 01:43:02;1234
387;90;1;2018/10/05 01:43:02;1234
4424;1312;1;2018/10/05 01:43:02;1234
4423;1312;1;2018/10/05 01:43:02;1234
1288;305;1;2018/10/05 01:43:02;1234
1287;305;1;2018/10/05 01:43:02;1234
1477;353;1;2018/10/05 01:43:02;1234
1476;353;1;2018/10/05 01:43:02;1234
3556;889;1;2018/10/05 01:43:02;1234
3555;889;1;2018/10/05 01:43:02;1234
2436;597;1;2018/10/05 01:43:02;1234
2435;597;1;2018/10/05 01:43:02;1234
3399;1049;2;2018/10/05 01:43:02;1234
2035;1049;1;2018/10/05 01:43:02;1234
853;200;1;2018/10/05 01:43:02;1234
852;200;1;2018/10/05 01:43:02;1234
4763;1309;1;2018/10/05 01:43:02;1234
4764;1309;1;2018/10/05 01:43:02;1234
4762;1308;1;2018/10/05 01:43:02;1234
17;1308;1;2018/10/05 01:43:02;1234
972;227;1;2018/10/05 01:43:02;1234
971;227;1;2018/10/05 01:43:02;1234
3390;965;2;2018/10/05 01:43:02;1234
1644;965;1;2018/10/05 01:43:02;1234
1360;327;1;2018/10/05 01:43:02;1234
1359;327;1;2018/10/05 01:43:02;1234
3261;967;1;2018/10/05 01:43:02;1234
1284;967;1;2018/10/05 01:43:02;1234
3211;952;2;2018/10/05 01:43:02;1234
1600;952;1;2018/10/05 01:43:02;1234
1708;405;1;2018/10/05 01:43:02;1234
1707;405;1;2018/10/05 01:43:02;1234
2161;518;1;2018/10/05 01:43:02;1234
2160;518;1;2018/10/05 01:43:02;1234
596;141;1;2018/10/05 01:43:02;1234
595;141;1;2018/10/05 01:43:02;1234
2710;659;1;2018/10/05 01:43:02;1234
2708;659;1;2018/10/05 01:43:02;1234
3209;797;1;2018/10/05 01:43:02;1234
3208;797;1;2018/10/05 01:43:02;1234
3244;804;1;2018/10/05 01:43:02;1234
3243;804;1;2018/10/05 01:43:02;1234
335;76;1;2018/10/05 01:43:02;1234
334;76;1;2018/10/05 01:43:02;1234
557;129;1;2018/10/05 01:43:02;1234
556;129;1;2018/10/05 01:43:02;1234
1211;284;1;2018/10/05 01:43:02;1234
1210;284;1;2018/10/05 01:43:02;1234
1227;288;1;2018/10/05 01:43:02;1234
1226;288;1;2018/10/05 01:43:02;1234
385;89;1;2018/10/05 01:43:02;1234
384;89;1;2018/10/05 01:43:02;1234
3240;803;1;2018/10/05 01:43:02;1234
3239;803;1;2018/10/05 01:43:02;1234
3389;562;1;2018/10/05 01:43:02;1234
2311;562;1;2018/10/05 01:43:02;1234
754;177;1;2018/10/05 01:43:02;1234
753;177;1;2018/10/05 01:43:02;1234
1286;304;1;2018/10/05 01:43:02;1234
1285;304;1;2018/10/05 01:43:02;1234
3443;854;1;2018/10/05 01:43:02;1234
3442;854;1;2018/10/05 01:43:02;1234
3988;1068;1;2018/10/05 01:43:02;1234
3987;1068;1;2018/10/05 01:43:02;1234
688;162;1;2018/10/05 01:43:02;1234
687;162;1;2018/10/05 01:43:02;1234
530;124;1;2018/10/05 01:43:02;1234
529;124;1;2018/10/05 01:43:02;1234
1702;403;1;2018/10/05 01:43:02;1234
1701;403;1;2018/10/05 01:43:02;1234
3963;1059;1;2018/10/05 01:43:02;1234
3962;1059;1;2018/10/05 01:43:02;1234
886;208;1;2018/10/05 01:43:02;1234
885;208;1;2018/10/05 01:43:02;1234
780;183;1;2018/10/05 01:43:02;1234
779;183;1;2018/10/05 01:43:02;1234
3006;737;1;2018/10/05 01:43:02;1234
3005;737;1;2018/10/05 01:43:02;1234
3630;940;2;2018/10/05 01:43:02;1234
2785;940;1;2018/10/05 01:43:02;1234
208;46;1;2018/10/05 01:43:02;1234
207;46;1;2018/10/05 01:43:02;1234
153;35;1;2018/10/05 01:43:02;1234
152;35;1;2018/10/05 01:43:02;1234
2440;598;1;2018/10/05 01:43:02;1234
2439;598;1;2018/10/05 01:43:02;1234
326;74;1;2018/10/05 01:43:02;1234
325;74;1;2018/10/05 01:43:02;1234
2650;647;1;2018/10/05 01:43:02;1234
2649;647;1;2018/10/05 01:43:02;1234
2835;690;1;2018/10/05 01:43:02;1234
2834;690;1;2018/10/05 01:43:02;1234
1298;308;1;2018/10/05 01:43:02;1234
1297;308;1;2018/10/05 01:43:02;1234
3661;915;1;2018/10/05 01:43:02;1234
1751;915;1;2018/10/05 01:43:02;1234
1802;1139;;2018/10/05 01:43:02;1234
4184;1139;;2018/10/05 01:43:02;1234
4185;1140;;2018/10/05 01:43:02;1234
763;1140;;2018/10/05 01:43:02;1234
280;1142;;2018/10/05 01:43:02;1234
4190;1142;;2018/10/05 01:43:02;1234
3026;1143;;2018/10/05 01:43:02;1234
4191;1143;;2018/10/05 01:43:02;1234
61;1151;;2018/10/05 01:43:02;1234
4216;1151;;2018/10/05 01:43:02;1234
4217;1152;;2018/10/05 01:43:02;1234
290;1152;;2018/10/05 01:43:02;1234
4225;1153;;2018/10/05 01:43:02;1234
2023;1153;;2018/10/05 01:43:02;1234
2510;615;1;2018/10/05 01:43:02;1234
2509;615;1;2018/10/05 01:43:02;1234
4329;1179;;2018/10/05 01:43:02;1234
2337;1179;;2018/10/05 01:43:02;1234
664;1137;;2018/10/05 01:43:02;1234
4182;1137;;2018/10/05 01:43:02;1234
4215;1150;;2018/10/05 01:43:02;1234
2694;1150;;2018/10/05 01:43:02;1234
146;1155;;2018/10/05 01:43:02;1234
4228;1155;;2018/10/05 01:43:02;1234
1750;1158;;2018/10/05 01:43:02;1234
4232;1158;;2018/10/05 01:43:02;1234
4260;1164;;2018/10/05 01:43:02;1234
3096;1164;;2018/10/05 01:43:02;1234
2906;1166;;2018/10/05 01:43:02;1234
4269;1166;;2018/10/05 01:43:02;1234
4283;1169;;2018/10/05 01:43:02;1234
2512;1169;;2018/10/05 01:43:02;1234
1801;1170;;2018/10/05 01:43:02;1234
4284;1170;;2018/10/05 01:43:02;1234
4285;1171;;2018/10/05 01:43:02;1234
731;1171;;2018/10/05 01:43:02;1234
2517;1172;;2018/10/05 01:43:02;1234
1797;1172;;2018/10/05 01:43:02;1234
4367;1191;;2018/10/05 01:43:02;1234
2793;1191;;2018/10/05 01:43:02;1234
4374;1194;;2018/10/05 01:43:02;1234
425;1194;;2018/10/05 01:43:02;1234
1977;1198;;2018/10/05 01:43:02;1234
4379;1198;;2018/10/05 01:43:02;1234
1536;1201;;2018/10/05 01:43:02;1234
4385;1201;;2018/10/05 01:43:02;1234
4409;1209;;2018/10/05 01:43:02;1234
476;1209;;2018/10/05 01:43:02;1234
2064;1222;;2018/10/05 01:43:02;1234
4489;1222;;2018/10/05 01:43:02;1234
4499;1225;;2018/10/05 01:43:02;1234
3844;1225;;2018/10/05 01:43:02;1234
4519;1229;;2018/10/05 01:43:02;1234
2757;1229;;2018/10/05 01:43:02;1234
3571;1237;;2018/10/05 01:43:02;1234
4534;1237;;2018/10/05 01:43:02;1234
233;1239;;2018/10/05 01:43:02;1234
4538;1239;;2018/10/05 01:43:02;1234
959;1240;;2018/10/05 01:43:02;1234
4539;1240;;2018/10/05 01:43:02;1234
4557;1243;;2018/10/05 01:43:02;1234
4558;1243;;2018/10/05 01:43:02;1234
3001;1245;;2018/10/05 01:43:02;1234
4560;1245;;2018/10/05 01:43:02;1234
4722;1298;;2018/10/05 01:43:02;1234
1920;1298;;2018/10/05 01:43:02;1234
4368;1192;1;2018/10/05 01:43:02;1234
3065;1192;1;2018/10/05 01:43:02;1234
2487;609;1;2018/10/05 01:43:02;1234
2486;609;1;2018/10/05 01:43:02;1234
3793;993;1;2018/10/05 01:43:02;1234
3138;993;1;2018/10/05 01:43:02;1234
2068;494;1;2018/10/05 01:43:02;1234
2067;494;1;2018/10/05 01:43:02;1234
229;51;1;2018/10/05 01:43:02;1234
228;51;1;2018/10/05 01:43:02;1234
3205;795;1;2018/10/05 01:43:02;1234
3204;795;1;2018/10/05 01:43:02;1234
4681;1286;1;2018/10/05 01:43:02;1234
1674;1286;1;2018/10/05 01:43:02;1234
3407;947;2;2018/10/05 01:43:02;1234
1620;947;1;2018/10/05 01:43:02;1234
4580;1255;;2018/10/05 01:43:02;1234
4581;1255;;2018/10/05 01:43:02;1234
4585;1256;;2018/10/05 01:43:02;1234
4582;1256;;2018/10/05 01:43:02;1234
4583;1257;;2018/10/05 01:43:02;1234
4588;1257;;2018/10/05 01:43:02;1234
881;1283;;2018/10/05 01:43:02;1234
4673;1283;;2018/10/05 01:43:02;1234
844;1284;;2018/10/05 01:43:02;1234
4677;1284;;2018/10/05 01:43:02;1234
643;1287;;2018/10/05 01:43:02;1234
4689;1287;;2018/10/05 01:43:02;1234
642;1200;;2018/10/05 01:43:02;1234
4381;1200;;2018/10/05 01:43:02;1234
2489;1208;;2018/10/05 01:43:02;1234
4408;1208;;2018/10/05 01:43:02;1234
173;1238;;2018/10/05 01:43:02;1234
4537;1238;;2018/10/05 01:43:02;1234
4559;1244;;2018/10/05 01:43:02;1234
2414;1244;;2018/10/05 01:43:02;1234
10;1146;;2018/10/05 01:43:02;1234
4208;1146;;2018/10/05 01:43:02;1234
172;1147;;2018/10/05 01:43:02;1234
4209;1147;;2018/10/05 01:43:02;1234
1062;1188;;2018/10/05 01:43:02;1234
2400;1188;;2018/10/05 01:43:02;1234
3676;922;;2018/10/05 01:43:02;1234
1004;922;;2018/10/05 01:43:02;1234
2775;932;;2018/10/05 01:43:02;1234
3717;932;;2018/10/05 01:43:02;1234
2511;942;;2018/10/05 01:43:02;1234
3690;942;;2018/10/05 01:43:02;1234
2398;1040;;2018/10/05 01:43:02;1234
3905;1040;;2018/10/05 01:43:02;1234
2567;1072;;2018/10/05 01:43:02;1234
3993;1072;;2018/10/05 01:43:02;1234
2813;1258;;2018/10/05 01:43:02;1234
4008;1258;;2018/10/05 01:43:02;1234
2839;691;;2018/10/05 01:43:02;1234
2840;691;;2018/10/05 01:43:02;1234
2846;693;;2018/10/05 01:43:02;1234
2847;693;;2018/10/05 01:43:02;1234
2853;695;;2018/10/05 01:43:02;1234
2854;695;;2018/10/05 01:43:02;1234
3250;807;;2018/10/05 01:43:02;1234
3251;807;;2018/10/05 01:43:02;1234
3631;906;;2018/10/05 01:43:02;1234
3632;906;;2018/10/05 01:43:02;1234
3351;994;;2018/10/05 01:43:02;1234
1944;994;;2018/10/05 01:43:02;1234
791;186;;2018/10/05 01:43:02;1234
792;186;;2018/10/05 01:43:02;1234
2272;551;;2018/10/05 01:43:02;1234
2273;551;;2018/10/05 01:43:02;1234
2421;593;;2018/10/05 01:43:02;1234
2422;593;;2018/10/05 01:43:02;1234
2493;611;;2018/10/05 01:43:02;1234
2494;611;;2018/10/05 01:43:02;1234
2680;653;;2018/10/05 01:43:02;1234
2681;653;;2018/10/05 01:43:02;1234
2884;703;;2018/10/05 01:43:02;1234
2885;703;;2018/10/05 01:43:02;1234
3895;1037;;2018/10/05 01:43:02;1234
3896;1037;;2018/10/05 01:43:02;1234
743;174;;2018/10/05 01:43:02;1234
744;174;;2018/10/05 01:43:02;1234
1229;289;;2018/10/05 01:43:02;1234
1230;289;;2018/10/05 01:43:02;1234
1854;440;;2018/10/05 01:43:02;1234
1855;440;;2018/10/05 01:43:02;1234
2038;488;;2018/10/05 01:43:02;1234
2039;488;;2018/10/05 01:43:02;1234
4380;1199;1;2018/10/05 01:43:02;1234
1805;1199;1;2018/10/05 01:43:02;1234
2330;569;1;2018/10/05 01:43:02;1234
2329;569;1;2018/10/05 01:43:02;1234
2878;701;1;2018/10/05 01:43:02;1234
2877;701;1;2018/10/05 01:43:02;1234
3507;1193;;2018/10/05 01:43:02;1234
4373;1193;;2018/10/05 01:43:02;1234
1778;1212;;2018/10/05 01:43:02;1234
4426;1212;;2018/10/05 01:43:02;1234
3377;836;1;2018/10/05 01:43:02;1234
3376;836;1;2018/10/05 01:43:02;1234
1553;370;1;2018/10/05 01:43:02;1234
1552;370;1;2018/10/05 01:43:02;1234
55;14;;2018/10/05 01:43:02;1234
56;14;;2018/10/05 01:43:02;1234
581;136;;2018/10/05 01:43:02;1234
582;136;;2018/10/05 01:43:02;1234
322;73;;2018/10/05 01:43:02;1234
323;73;;2018/10/05 01:43:02;1234
1803;428;;2018/10/05 01:43:02;1234
1804;428;;2018/10/05 01:43:02;1234
416;97;;2018/10/05 01:43:02;1234
417;97;;2018/10/05 01:43:02;1234
3102;765;;2018/10/05 01:43:02;1234
3103;765;;2018/10/05 01:43:02;1234
2497;612;;2018/10/05 01:43:02;1234
2498;612;;2018/10/05 01:43:02;1234
2703;658;;2018/10/05 01:43:02;1234
2706;658;;2018/10/05 01:43:02;1234
3069;756;;2018/10/05 01:43:02;1234
3070;756;;2018/10/05 01:43:02;1234
3072;757;;2018/10/05 01:43:02;1234
3073;757;;2018/10/05 01:43:02;1234
3087;761;;2018/10/05 01:43:02;1234
3088;761;;2018/10/05 01:43:02;1234
3114;769;;2018/10/05 01:43:02;1234
3115;769;;2018/10/05 01:43:02;1234
3183;787;;2018/10/05 01:43:02;1234
3184;787;;2018/10/05 01:43:02;1234
3343;827;;2018/10/05 01:43:02;1234
3344;827;;2018/10/05 01:43:02;1234
3439;853;;2018/10/05 01:43:02;1234
3440;853;;2018/10/05 01:43:02;1234
3619;900;;2018/10/05 01:43:02;1234
3620;900;;2018/10/05 01:43:02;1234
2158;517;;2018/10/05 01:43:02;1234
2159;517;;2018/10/05 01:43:02;1234
2170;521;;2018/10/05 01:43:02;1234
2171;521;;2018/10/05 01:43:02;1234
2184;525;;2018/10/05 01:43:02;1234
2185;525;;2018/10/05 01:43:02;1234
2324;567;;2018/10/05 01:43:02;1234
2325;567;;2018/10/05 01:43:02;1234
2212;972;;2018/10/05 01:43:02;1234
1270;972;;2018/10/05 01:43:02;1234
109;25;;2018/10/05 01:43:02;1234
110;25;;2018/10/05 01:43:02;1234
2148;514;;2018/10/05 01:43:02;1234
2149;514;;2018/10/05 01:43:02;1234
2187;526;;2018/10/05 01:43:02;1234
2188;526;;2018/10/05 01:43:02;1234
2269;550;;2018/10/05 01:43:02;1234
2270;550;;2018/10/05 01:43:02;1234
2344;955;;2018/10/05 01:43:02;1234
892;955;;2018/10/05 01:43:02;1234
34;9;;2018/10/05 01:43:02;1234
35;9;;2018/10/05 01:43:02;1234
900;211;;2018/10/05 01:43:02;1234
901;211;;2018/10/05 01:43:02;1234
1372;330;;2018/10/05 01:43:02;1234
1373;330;;2018/10/05 01:43:02;1234
2697;657;;2018/10/05 01:43:02;1234
2698;657;;2018/10/05 01:43:02;1234
3172;783;;2018/10/05 01:43:02;1234
3173;783;;2018/10/05 01:43:02;1234
4493;1224;;2018/10/05 01:43:02;1234
4494;1224;;2018/10/05 01:43:02;1234
27;7;;2018/10/05 01:43:02;1234
28;7;;2018/10/05 01:43:02;1234
665;156;;2018/10/05 01:43:02;1234
666;156;;2018/10/05 01:43:02;1234
765;180;;2018/10/05 01:43:02;1234
766;180;;2018/10/05 01:43:02;1234
832;196;;2018/10/05 01:43:02;1234
833;196;;2018/10/05 01:43:02;1234
994;232;;2018/10/05 01:43:02;1234
995;232;;2018/10/05 01:43:02;1234
1922;458;;2018/10/05 01:43:02;1234
1923;458;;2018/10/05 01:43:02;1234
2016;482;;2018/10/05 01:43:02;1234
2017;482;;2018/10/05 01:43:02;1234
201;45;;2018/10/05 01:43:02;1234
202;45;;2018/10/05 01:43:02;1234
739;173;;2018/10/05 01:43:02;1234
740;173;;2018/10/05 01:43:02;1234
787;185;;2018/10/05 01:43:02;1234
788;185;;2018/10/05 01:43:02;1234
1312;312;;2018/10/05 01:43:02;1234
1313;312;;2018/10/05 01:43:02;1234
2255;546;;2018/10/05 01:43:02;1234
2256;546;;2018/10/05 01:43:02;1234
2282;554;;2018/10/05 01:43:02;1234
2283;554;;2018/10/05 01:43:02;1234
650;153;;2018/10/05 01:43:02;1234
651;153;;2018/10/05 01:43:02;1234
982;229;;2018/10/05 01:43:02;1234
983;229;;2018/10/05 01:43:02;1234
2201;1190;;2018/10/05 01:43:02;1234
770;1190;;2018/10/05 01:43:02;1234
1252;295;;2018/10/05 01:43:02;1234
1253;295;;2018/10/05 01:43:02;1234
1193;278;;2018/10/05 01:43:02;1234
1194;278;;2018/10/05 01:43:02;1234
2029;485;;2018/10/05 01:43:02;1234
2030;485;;2018/10/05 01:43:02;1234
2363;578;;2018/10/05 01:43:02;1234
2364;578;;2018/10/05 01:43:02;1234
2606;638;;2018/10/05 01:43:02;1234
2607;638;;2018/10/05 01:43:02;1234
2552;624;;2018/10/05 01:43:02;1234
2553;624;;2018/10/05 01:43:02;1234
2814;682;;2018/10/05 01:43:02;1234
2815;682;;2018/10/05 01:43:02;1234
2856;696;;2018/10/05 01:43:02;1234
2857;696;;2018/10/05 01:43:02;1234
3049;751;;2018/10/05 01:43:02;1234
3050;751;;2018/10/05 01:43:02;1234
1794;426;;2018/10/05 01:43:02;1234
1795;426;;2018/10/05 01:43:02;1234
2262;548;;2018/10/05 01:43:02;1234
2263;548;;2018/10/05 01:43:02;1234
2298;559;;2018/10/05 01:43:02;1234
2299;559;;2018/10/05 01:43:02;1234
2351;574;;2018/10/05 01:43:02;1234
2352;574;;2018/10/05 01:43:02;1234
4255;1163;;2018/10/05 01:43:02;1234
4256;1163;;2018/10/05 01:43:02;1234
4445;1216;;2018/10/05 01:43:02;1234
4446;1216;;2018/10/05 01:43:02;1234
299;68;;2018/10/05 01:43:02;1234
300;68;;2018/10/05 01:43:02;1234
1104;256;;2018/10/05 01:43:02;1234
1105;256;;2018/10/05 01:43:02;1234
251;57;;2018/10/05 01:43:02;1234
252;57;;2018/10/05 01:43:02;1234
1142;265;;2018/10/05 01:43:02;1234
1143;265;;2018/10/05 01:43:02;1234
1608;382;;2018/10/05 01:43:02;1234
1609;382;;2018/10/05 01:43:02;1234
966;1247;;2018/10/05 01:43:02;1234
4570;1247;;2018/10/05 01:43:02;1234
702;1250;;2018/10/05 01:43:02;1234
4573;1250;;2018/10/05 01:43:02;1234
1976;1266;;2018/10/05 01:43:02;1234
4617;1266;;2018/10/05 01:43:02;1234
1299;1274;;2018/10/05 01:43:02;1234
4634;1274;;2018/10/05 01:43:02;1234
554;1251;;2018/10/05 01:43:02;1234
4574;1251;;2018/10/05 01:43:02;1234
736;1253;;2018/10/05 01:43:02;1234
4576;1253;;2018/10/05 01:43:02;1234
1407;929;;2018/10/05 01:43:02;1234
3711;929;;2018/10/05 01:43:02;1234
94;930;;2018/10/05 01:43:02;1234
3716;930;;2018/10/05 01:43:02;1234
1408;1003;;2018/10/05 01:43:02;1234
3809;1003;;2018/10/05 01:43:02;1234
1584;1005;;2018/10/05 01:43:02;1234
3811;1005;;2018/10/05 01:43:02;1234
2826;1016;;2018/10/05 01:43:02;1234
3861;1016;;2018/10/05 01:43:02;1234
2916;1039;;2018/10/05 01:43:02;1234
3903;1039;;2018/10/05 01:43:02;1234
2726;1042;;2018/10/05 01:43:02;1234
3919;1042;;2018/10/05 01:43:02;1234
3933;1051;;2018/10/05 01:43:02;1234
1658;1051;;2018/10/05 01:43:02;1234
1583;1054;;2018/10/05 01:43:02;1234
3947;1054;;2018/10/05 01:43:02;1234
1881;1055;;2018/10/05 01:43:02;1234
3948;1055;;2018/10/05 01:43:02;1234
1482;1057;;2018/10/05 01:43:02;1234
3951;1057;;2018/10/05 01:43:02;1234
2971;1069;;2018/10/05 01:43:02;1234
3991;1069;;2018/10/05 01:43:02;1234
1864;1017;;2018/10/05 01:43:02;1234
3863;1017;;2018/10/05 01:43:02;1234
3921;1045;;2018/10/05 01:43:02;1234
3922;1045;;2018/10/05 01:43:02;1234
3960;1058;;2018/10/05 01:43:02;1234
3961;1058;;2018/10/05 01:43:02;1234
1506;1070;;2018/10/05 01:43:02;1234
3992;1070;;2018/10/05 01:43:02;1234
1141;1071;;2018/10/05 01:43:02;1234
1865;1071;;2018/10/05 01:43:02;1234
2022;1066;;2018/10/05 01:43:02;1234
3984;1066;;2018/10/05 01:43:02;1234
182;40;;2018/10/05 01:43:02;1234
183;40;;2018/10/05 01:43:02;1234
2145;513;;2018/10/05 01:43:02;1234
2146;513;;2018/10/05 01:43:02;1234
1905;453;;2018/10/05 01:43:02;1234
1906;453;;2018/10/05 01:43:02;1234
2969;726;;2018/10/05 01:43:02;1234
2970;726;;2018/10/05 01:43:02;1234
7;2;;2018/10/05 01:43:02;1234
8;2;;2018/10/05 01:43:02;1234
1611;383;;2018/10/05 01:43:02;1234
1612;383;;2018/10/05 01:43:02;1234
2740;667;;2018/10/05 01:43:02;1234
2741;667;;2018/10/05 01:43:02;1234
1069;249;;2018/10/05 01:43:02;1234
1070;249;;2018/10/05 01:43:02;1234
2457;602;;2018/10/05 01:43:02;1234
2458;602;;2018/10/05 01:43:02;1234
3503;867;;2018/10/05 01:43:02;1234
3504;867;;2018/10/05 01:43:02;1234
1665;394;;2018/10/05 01:43:02;1234
1667;394;;2018/10/05 01:43:02;1234
1404;338;;2018/10/05 01:43:02;1234
1405;338;;2018/10/05 01:43:02;1234
38;10;;2018/10/05 01:43:02;1234
39;10;;2018/10/05 01:43:02;1234
1940;463;;2018/10/05 01:43:02;1234
1941;463;;2018/10/05 01:43:02;1234
2367;580;;2018/10/05 01:43:02;1234
2368;580;;2018/10/05 01:43:02;1234
400;93;;2018/10/05 01:43:02;1234
401;93;;2018/10/05 01:43:02;1234
1198;280;;2018/10/05 01:43:02;1234
1199;280;;2018/10/05 01:43:02;1234
12;3;;2018/10/05 01:43:02;1234
13;3;;2018/10/05 01:43:02;1234
1163;270;;2018/10/05 01:43:02;1234
1164;270;;2018/10/05 01:43:02;1234
1604;381;;2018/10/05 01:43:02;1234
1605;381;;2018/10/05 01:43:02;1234
565;132;;2018/10/05 01:43:02;1234
566;132;;2018/10/05 01:43:02;1234
600;142;;2018/10/05 01:43:02;1234
601;142;;2018/10/05 01:43:02;1234
2360;577;;2018/10/05 01:43:02;1234
2361;577;;2018/10/05 01:43:02;1234
1914;456;;2018/10/05 01:43:02;1234
1915;456;;2018/10/05 01:43:02;1234
1917;457;;2018/10/05 01:43:02;1234
1918;457;;2018/10/05 01:43:02;1234
2549;623;1;2018/10/05 01:43:02;1234
2548;623;1;2018/10/05 01:43:02;1234
1044;242;1;2018/10/05 01:43:02;1234
1043;242;1;2018/10/05 01:43:02;1234
2516;616;1;2018/10/05 01:43:02;1234
2515;616;1;2018/10/05 01:43:02;1234
447;105;1;2018/10/05 01:43:02;1234
446;105;1;2018/10/05 01:43:02;1234
502;117;1;2018/10/05 01:43:02;1234
501;117;1;2018/10/05 01:43:02;1234
4783;1319;1;2018/10/05 01:43:02;1234
4782;1319;1;2018/10/05 01:43:02;1234
4822;1326;1;2018/10/05 01:43:02;1234
4821;1326;1;2018/10/05 01:43:02;1234
4787;1320;1;2018/10/05 01:43:02;1234
4786;1320;1;2018/10/05 01:43:02;1234
3501;866;1;2018/10/05 01:43:02;1234
3500;866;1;2018/10/05 01:43:02;1234
4420;1211;1;2018/10/05 01:43:02;1234
4419;1211;1;2018/10/05 01:43:02;1234
4043;1090;1;2018/10/05 01:43:02;1234
4042;1090;1;2018/10/05 01:43:02;1234
4527;1231;1;2018/10/05 01:43:02;1234
4526;1231;1;2018/10/05 01:43:02;1234
4108;1110;1;2018/10/05 01:43:02;1234
4107;1110;1;2018/10/05 01:43:02;1234
4352;1183;1;2018/10/05 01:43:02;1234
4351;1183;1;2018/10/05 01:43:02;1234
4213;1148;1;2018/10/05 01:43:02;1234
4212;1148;1;2018/10/05 01:43:02;1234
2009;1167;1;2018/10/05 01:43:02;1234
4271;1167;1;2018/10/05 01:43:02;1234
2118;1202;1;2018/10/05 01:43:02;1234
4386;1202;1;2018/10/05 01:43:02;1234
2051;1002;1;2018/10/05 01:43:02;1234
3808;1002;1;2018/10/05 01:43:02;1234
3827;1007;1;2018/10/05 01:43:02;1234
3826;1007;1;2018/10/05 01:43:02;1234
4441;1215;1;2018/10/05 01:43:02;1234
4440;1215;1;2018/10/05 01:43:02;1234
4517;1228;1;2018/10/05 01:43:02;1234
4516;1228;1;2018/10/05 01:43:02;1234
4241;1160;1;2018/10/05 01:43:02;1234
4240;1160;1;2018/10/05 01:43:02;1234
4626;1273;1;2018/10/05 01:43:02;1234
4625;1273;1;2018/10/05 01:43:02;1234
4611;1264;1;2018/10/05 01:43:02;1234
4610;1264;1;2018/10/05 01:43:02;1234
4692;1289;1;2018/10/05 01:43:02;1234
4691;1289;1;2018/10/05 01:43:02;1234
4737;1300;1;2018/10/05 01:43:02;1234
4736;1300;1;2018/10/05 01:43:02;1234
4664;1281;1;2018/10/05 01:43:02;1234
4663;1281;1;2018/10/05 01:43:02;1234
3624;902;1;2018/10/05 01:43:02;1234
3623;902;1;2018/10/05 01:43:02;1234
4854;1340;1;2018/10/05 01:43:02;1234
1054;1340;1;2018/10/05 01:43:02;1234
4864;1343;1;2018/10/05 01:43:02;1234
1107;1343;1;2018/10/05 01:43:02;1234
4690;1288;1;2018/10/05 01:43:02;1234
62;1288;1;2018/10/05 01:43:02;1234
4696;1290;1;2018/10/05 01:43:02;1234
3095;1290;1;2018/10/05 01:43:02;1234
1943;464;1;2018/10/05 01:43:02;1234
1942;464;1;2018/10/05 01:43:02;1234
822;193;1;2018/10/05 01:43:02;1234
823;193;1;2018/10/05 01:43:02;1234
4872;1347;1;2018/10/05 01:43:02;1234
2908;1347;1;2018/10/05 01:43:02;1234
2903;708;1;2018/10/05 01:43:02;1234
2902;708;1;2018/10/05 01:43:02;1234
4875;1349;1;2018/10/05 01:43:02;1234
134;1349;1;2018/10/05 01:43:02;1234
131;31;1;2018/10/05 01:43:02;1234
130;31;1;2018/10/05 01:43:02;1234
226;50;1;2018/10/05 01:43:02;1234
225;50;1;2018/10/05 01:43:02;1234
2991;733;1;2018/10/05 01:43:02;1234
2990;733;1;2018/10/05 01:43:02;1234
4275;1168;1;2018/10/05 01:43:02;1234
4276;1168;1;2018/10/05 01:43:02;1234
4311;1350;1;2018/10/05 01:43:02;1234
4880;1350;1;2018/10/05 01:43:02;1234
590;139;1;2018/10/05 01:43:02;1234
589;139;1;2018/10/05 01:43:02;1234
4870;1345;;2018/10/05 01:43:02;1234
1946;1345;;2018/10/05 01:43:02;1234
3645;936;2;2018/10/05 01:43:02;1234
1759;936;1;2018/10/05 01:43:02;1234
3392;842;1;2018/10/05 01:43:02;1234
3391;842;1;2018/10/05 01:43:02;1234
4327;1177;1;2018/10/05 01:43:02;1234
2602;1177;1;2018/10/05 01:43:02;1234
3347;828;1;2018/10/05 01:43:02;1234
3346;828;1;2018/10/05 01:43:02;1234
3925;1047;1;2018/10/05 01:43:02;1234
3595;1047;1;2018/10/05 01:43:02;1234
3594;894;1;2018/10/05 01:43:02;1234
3593;894;1;2018/10/05 01:43:02;1234
2952;721;1;2018/10/05 01:43:02;1234
2951;721;1;2018/10/05 01:43:02;1234
432;100;1;2018/10/05 01:43:02;1234
431;100;1;2018/10/05 01:43:02;1234
2591;633;1;2018/10/05 01:43:02;1234
2590;633;1;2018/10/05 01:43:02;1234
4641;1276;1;2018/10/05 01:43:02;1234
4406;1276;1;2018/10/05 01:43:02;1234
2315;564;1;2018/10/05 01:43:02;1234
2314;564;1;2018/10/05 01:43:02;1234
614;145;1;2018/10/05 01:43:02;1234
613;145;1;2018/10/05 01:43:02;1234
987;230;1;2018/10/05 01:43:02;1234
986;230;1;2018/10/05 01:43:02;1234
92;22;1;2018/10/05 01:43:02;1234
91;22;1;2018/10/05 01:43:02;1234
4540;1241;1;2018/10/05 01:43:02;1234
2624;1241;1;2018/10/05 01:43:02;1234
4435;1306;1;2018/10/05 01:43:02;1234
4759;1306;1;2018/10/05 01:43:02;1234
4076;1104;1;2018/10/05 01:43:02;1234
4075;1104;1;2018/10/05 01:43:02;1234
4715;1295;1;2018/10/05 01:43:02;1234
4714;1295;1;2018/10/05 01:43:02;1234
683;161;1;2018/10/05 01:43:02;1234
682;161;1;2018/10/05 01:43:02;1234
4655;1280;1;2018/10/05 01:43:02;1234
4654;1280;1;2018/10/05 01:43:02;1234
2482;608;1;2018/10/05 01:43:02;1234
2481;608;1;2018/10/05 01:43:02;1234
3273;958;2;2018/10/05 01:43:02;1234
177;958;1;2018/10/05 01:43:02;1234
4328;1178;1;2018/10/05 01:43:02;1234
945;1178;1;2018/10/05 01:43:02;1234
19;5;1;2018/10/05 01:43:02;1234
18;5;1;2018/10/05 01:43:02;1234
649;152;1;2018/10/05 01:43:02;1234
648;152;1;2018/10/05 01:43:02;1234
3580;901;1;2018/10/05 01:43:02;1234
3579;901;1;2018/10/05 01:43:02;1234
1938;462;1;2018/10/05 01:43:02;1234
1937;462;1;2018/10/05 01:43:02;1234
1445;347;1;2018/10/05 01:43:02;1234
1444;347;1;2018/10/05 01:43:02;1234
1282;303;1;2018/10/05 01:43:02;1234
1281;303;1;2018/10/05 01:43:02;1234
69;16;1;2018/10/05 01:43:02;1234
68;16;1;2018/10/05 01:43:02;1234
1748;415;1;2018/10/05 01:43:02;1234
1747;415;1;2018/10/05 01:43:02;1234
1863;442;1;2018/10/05 01:43:02;1234
1862;442;1;2018/10/05 01:43:02;1234
1586;377;1;2018/10/05 01:43:02;1234
1585;377;1;2018/10/05 01:43:02;1234
1084;252;1;2018/10/05 01:43:02;1234
1083;252;1;2018/10/05 01:43:02;1234
461;108;1;2018/10/05 01:43:02;1234
460;108;1;2018/10/05 01:43:02;1234
1244;293;1;2018/10/05 01:43:02;1234
1243;293;1;2018/10/05 01:43:02;1234
1495;357;1;2018/10/05 01:43:02;1234
1494;357;1;2018/10/05 01:43:02;1234
339;77;1;2018/10/05 01:43:02;1234
338;77;1;2018/10/05 01:43:02;1234
1344;322;1;2018/10/05 01:43:02;1234
1343;322;1;2018/10/05 01:43:02;1234
1265;298;1;2018/10/05 01:43:02;1234
1264;298;1;2018/10/05 01:43:02;1234
1949;465;1;2018/10/05 01:43:02;1234
1948;465;1;2018/10/05 01:43:02;1234
1530;365;1;2018/10/05 01:43:02;1234
1529;365;1;2018/10/05 01:43:02;1234
3667;918;1;2018/10/05 01:43:02;1234
3666;918;1;2018/10/05 01:43:02;1234
1859;441;1;2018/10/05 01:43:02;1234
1858;441;1;2018/10/05 01:43:02;1234
3047;750;1;2018/10/05 01:43:02;1234
3046;750;1;2018/10/05 01:43:02;1234
2216;534;1;2018/10/05 01:43:02;1234
2215;534;1;2018/10/05 01:43:02;1234
1548;369;1;2018/10/05 01:43:02;1234
1547;369;1;2018/10/05 01:43:02;1234
1581;376;1;2018/10/05 01:43:02;1234
1580;376;1;2018/10/05 01:43:02;1234
1965;469;1;2018/10/05 01:43:02;1234
1964;469;1;2018/10/05 01:43:02;1234
3062;754;1;2018/10/05 01:43:02;1234
3061;754;1;2018/10/05 01:43:02;1234
176;39;1;2018/10/05 01:43:02;1234
175;39;1;2018/10/05 01:43:02;1234
3569;892;1;2018/10/05 01:43:02;1234
3568;892;1;2018/10/05 01:43:02;1234
2569;628;1;2018/10/05 01:43:02;1234
2568;628;1;2018/10/05 01:43:02;1234
1460;350;1;2018/10/05 01:43:02;1234
1459;350;1;2018/10/05 01:43:02;1234
2578;630;1;2018/10/05 01:43:02;1234
2577;630;1;2018/10/05 01:43:02;1234
3323;950;2;2018/10/05 01:43:02;1234
2714;950;1;2018/10/05 01:43:02;1234
23;6;1;2018/10/05 01:43:02;1234
22;6;1;2018/10/05 01:43:02;1234
2713;660;1;2018/10/05 01:43:02;1234
2712;660;1;2018/10/05 01:43:02;1234
562;131;1;2018/10/05 01:43:02;1234
561;131;1;2018/10/05 01:43:02;1234
3462;934;2;2018/10/05 01:43:02;1234
2790;934;1;2018/10/05 01:43:02;1234
2788;676;1;2018/10/05 01:43:02;1234
2787;676;1;2018/10/05 01:43:02;1234
1879;445;1;2018/10/05 01:43:02;1234
1878;445;1;2018/10/05 01:43:02;1234
2593;634;1;2018/10/05 01:43:02;1234
2592;634;1;2018/10/05 01:43:02;1234
3837;1010;1;2018/10/05 01:43:02;1234
3836;1010;1;2018/10/05 01:43:02;1234
2737;666;1;2018/10/05 01:43:02;1234
2736;666;1;2018/10/05 01:43:02;1234
2756;670;1;2018/10/05 01:43:02;1234
2755;670;1;2018/10/05 01:43:02;1234
4487;1220;1;2018/10/05 01:43:02;1234
2717;1220;1;2018/10/05 01:43:02;1234
3024;744;1;2018/10/05 01:43:02;1234
3023;744;1;2018/10/05 01:43:02;1234
958;224;1;2018/10/05 01:43:02;1234
957;224;1;2018/10/05 01:43:02;1234
512;120;1;2018/10/05 01:43:02;1234
511;120;1;2018/10/05 01:43:02;1234
1576;375;1;2018/10/05 01:43:02;1234
1575;375;1;2018/10/05 01:43:02;1234
2242;543;1;2018/10/05 01:43:02;1234
2241;543;1;2018/10/05 01:43:02;1234
2521;617;1;2018/10/05 01:43:02;1234
2520;617;1;2018/10/05 01:43:02;1234
1403;337;1;2018/10/05 01:43:02;1234
1402;337;1;2018/10/05 01:43:02;1234
2824;686;1;2018/10/05 01:43:02;1234
2823;686;1;2018/10/05 01:43:02;1234
3708;928;1;2018/10/05 01:43:02;1234
3707;928;1;2018/10/05 01:43:02;1234
2941;718;1;2018/10/05 01:43:02;1234
2940;718;1;2018/10/05 01:43:02;1234
3079;759;1;2018/10/05 01:43:02;1234
3078;759;1;2018/10/05 01:43:02;1234
1326;315;1;2018/10/05 01:43:02;1234
1325;315;1;2018/10/05 01:43:02;1234
2374;581;1;2018/10/05 01:43:02;1234
2373;581;1;2018/10/05 01:43:02;1234
730;171;1;2018/10/05 01:43:02;1234
729;171;1;2018/10/05 01:43:02;1234
2165;519;1;2018/10/05 01:43:02;1234
2164;519;1;2018/10/05 01:43:02;1234
2110;504;1;2018/10/05 01:43:02;1234
2109;504;1;2018/10/05 01:43:02;1234
2999;736;1;2018/10/05 01:43:02;1234
2998;736;1;2018/10/05 01:43:02;1234
2915;971;1;2018/10/05 01:43:02;1234
2492;971;2;2018/10/05 01:43:02;1234
2342;571;1;2018/10/05 01:43:02;1234
2341;571;1;2018/10/05 01:43:02;1234
1384;333;1;2018/10/05 01:43:02;1234
1383;333;1;2018/10/05 01:43:02;1234
3807;1001;1;2018/10/05 01:43:02;1234
1549;1001;1;2018/10/05 01:43:02;1234
3514;956;2;2018/10/05 01:43:02;1234
962;956;1;2018/10/05 01:43:02;1234
4795;1321;1;2018/10/05 01:43:02;1234
4794;1321;1;2018/10/05 01:43:02;1234
3738;1322;1;2018/10/05 01:43:02;1234
4807;1322;1;2018/10/05 01:43:02;1234
4491;1223;1;2018/10/05 01:43:02;1234
4490;1223;1;2018/10/05 01:43:02;1234
4740;1301;1;2018/10/05 01:43:02;1234
4739;1301;1;2018/10/05 01:43:02;1234
533;125;1;2018/10/05 01:43:02;1234
532;125;1;2018/10/05 01:43:02;1234
571;133;1;2018/10/05 01:43:02;1234
570;133;1;2018/10/05 01:43:02;1234
2097;501;1;2018/10/05 01:43:02;1234
2096;501;1;2018/10/05 01:43:02;1234
4907;1358;1;2018/10/05 01:43:02;1234
2099;1358;1;2018/10/05 01:43:02;1234
2114;505;1;2018/10/05 01:43:02;1234
2113;505;1;2018/10/05 01:43:02;1234
1149;267;1;2018/10/05 01:43:02;1234
3246;267;1;2018/10/05 01:43:02;1234
4743;1302;1;2018/10/05 01:43:02;1234
4742;1302;1;2018/10/05 01:43:02;1234
4488;1221;1;2018/10/05 01:43:02;1234
1415;1221;1;2018/10/05 01:43:02;1234
4486;1219;1;2018/10/05 01:43:02;1234
2546;1219;1;2018/10/05 01:43:02;1234
4909;1359;1;2018/10/05 01:43:02;1234
4908;1359;1;2018/10/05 01:43:02;1234
4028;1087;1;2018/10/05 01:43:02;1234
4027;1087;1;2018/10/05 01:43:02;1234
3104;1270;1;2018/10/05 01:43:02;1234
4622;1270;1;2018/10/05 01:43:02;1234
3136;774;1;2018/10/05 01:43:02;1234
3135;774;1;2018/10/05 01:43:02;1234
1599;380;1;2018/10/05 01:43:02;1234
1598;380;1;2018/10/05 01:43:02;1234
1293;307;1;2018/10/05 01:43:02;1234
1292;307;1;2018/10/05 01:43:02;1234
4892;1354;1;2018/10/05 01:43:02;1234
2193;1354;1;2018/10/05 01:43:02;1234
2191;527;1;2018/10/05 01:43:02;1234
2190;527;1;2018/10/05 01:43:02;1234
4900;1357;1;2018/10/05 01:43:02;1234
2469;1357;1;2018/10/05 01:43:02;1234
2468;605;1;2018/10/05 01:43:02;1234
2467;605;1;2018/10/05 01:43:02;1234
4911;1360;1;2018/10/05 01:43:02;1234
2389;1360;1;2018/10/05 01:43:02;1234
3187;788;1;2018/10/05 01:43:02;1234
3186;788;1;2018/10/05 01:43:02;1234
4778;1317;1;2018/10/05 01:43:02;1234
4777;1317;1;2018/10/05 01:43:02;1234
4816;1325;1;2018/10/05 01:43:02;1234
4815;1325;1;2018/10/05 01:43:02;1234
4290;1173;1;2018/10/05 01:43:02;1234
347;1173;1;2018/10/05 01:43:02;1234
4708;1291;1;2018/10/05 01:43:02;1234
4707;1291;1;2018/10/05 01:43:02;1234
1676;397;1;2018/10/05 01:43:02;1234
1675;397;1;2018/10/05 01:43:02;1234
1118;260;1;2018/10/05 01:43:02;1234
1117;260;1;2018/10/05 01:43:02;1234
3363;832;1;2018/10/05 01:43:02;1234
3362;832;1;2018/10/05 01:43:02;1234
2135;510;1;2018/10/05 01:43:02;1234
2134;510;1;2018/10/05 01:43:02;1234
345;79;1;2018/10/05 01:43:02;1234
344;79;1;2018/10/05 01:43:02;1234
4925;1363;1;2018/10/05 01:43:02;1234
254;1363;1;2018/10/05 01:43:02;1234
1685;399;1;2018/10/05 01:43:02;1234
1684;399;1;2018/10/05 01:43:02;1234
2720;662;1;2018/10/05 01:43:02;1234
2719;662;1;2018/10/05 01:43:02;1234
3538;877;1;2018/10/05 01:43:02;1234
3137;877;1;2018/10/05 01:43:02;1234
245;55;1;2018/10/05 01:43:02;1234
244;55;1;2018/10/05 01:43:02;1234
4669;1282;1;2018/10/05 01:43:02;1234
4668;1282;1;2018/10/05 01:43:02;1234
2267;549;1;2018/10/05 01:43:02;1234
2266;549;1;2018/10/05 01:43:02;1234
3858;1015;1;2018/10/05 01:43:02;1234
3838;1015;1;2018/10/05 01:43:02;1234
2348;573;1;2018/10/05 01:43:02;1234
2347;573;1;2018/10/05 01:43:02;1234
4388;1203;1;2018/10/05 01:43:02;1234
4387;1203;1;2018/10/05 01:43:02;1234
4927;1364;1;2018/10/05 01:43:02;1234
144;1364;1;2018/10/05 01:43:02;1234
3356;830;1;2018/10/05 01:43:02;1234
3355;830;1;2018/10/05 01:43:02;1234
1768;420;1;2018/10/05 01:43:02;1234
1767;420;1;2018/10/05 01:43:02;1234
473;111;1;2018/10/05 01:43:02;1234
472;111;1;2018/10/05 01:43:02;1234
1146;266;1;2018/10/05 01:43:02;1234
1145;266;1;2018/10/05 01:43:02;1234
332;75;1;2018/10/05 01:43:02;1234
331;75;1;2018/10/05 01:43:02;1234
365;83;1;2018/10/05 01:43:02;1234
364;83;1;2018/10/05 01:43:02;1234
422;98;1;2018/10/05 01:43:02;1234
421;98;1;2018/10/05 01:43:02;1234
3855;1013;1;2018/10/05 01:43:02;1234
423;1013;1;2018/10/05 01:43:02;1234
3834;1011;1;2018/10/05 01:43:02;1234
3841;1011;1;2018/10/05 01:43:02;1234
4349;1181;1;2018/10/05 01:43:02;1234
4348;1181;1;2018/10/05 01:43:02;1234
2302;1035;1;2018/10/05 01:43:02;1234
3888;1035;1;2018/10/05 01:43:02;1234
2377;1356;;2018/10/05 01:43:02;1234
4899;1356;;2018/10/05 01:43:02;1234
1205;1353;;2018/10/05 01:43:02;1234
4891;1353;;2018/10/05 01:43:02;1234
392;91;1;2018/10/05 01:43:02;1234
391;91;1;2018/10/05 01:43:02;1234
4853;1339;;2018/10/05 01:43:02;1234
313;1339;;2018/10/05 01:43:02;1234
4433;1214;1;2018/10/05 01:43:02;1234
4432;1214;1;2018/10/05 01:43:02;1234
497;116;1;2018/10/05 01:43:02;1234
496;116;1;2018/10/05 01:43:02;1234
3848;1012;1;2018/10/05 01:43:02;1234
3847;1012;1;2018/10/05 01:43:02;1234
4886;1351;1;2018/10/05 01:43:02;1234
3703;1351;1;2018/10/05 01:43:02;1234
3375;961;2;2018/10/05 01:43:02;1234
3063;961;1;2018/10/05 01:43:02;1234
2614;1210;1;2018/10/05 01:43:02;1234
2918;1210;1;2018/10/05 01:43:02;1234
4929;1366;1;2018/10/05 01:43:02;1234
2077;1366;1;2018/10/05 01:43:02;1234
2076;496;1;2018/10/05 01:43:02;1234
2075;496;1;2018/10/05 01:43:02;1234
4934;1368;1;2018/10/05 01:43:02;1234
234;1368;1;2018/10/05 01:43:02;1234
231;52;1;2018/10/05 01:43:02;1234
230;52;1;2018/10/05 01:43:02;1234
4941;1369;1;2018/10/05 01:43:02;1234
1390;1369;1;2018/10/05 01:43:02;1234
1689;400;1;2018/10/05 01:43:02;1234
1688;400;1;2018/10/05 01:43:02;1234
3145;776;1;2018/10/05 01:43:02;1234
3146;776;1;2018/10/05 01:43:02;1234
2387;585;1;2018/10/05 01:43:02;1234
2386;585;1;2018/10/05 01:43:02;1234
3561;890;1;2018/10/05 01:43:02;1234
3560;890;1;2018/10/05 01:43:02;1234
756;178;1;2018/10/05 01:43:02;1234
755;178;1;2018/10/05 01:43:02;1234
3784;977;1;2018/10/05 01:43:02;1234
3783;977;1;2018/10/05 01:43:02;1234
4396;1204;1;2018/10/05 01:43:02;1234
4395;1204;1;2018/10/05 01:43:02;1234
4578;1254;1;2018/10/05 01:43:02;1234
4577;1254;1;2018/10/05 01:43:02;1234
453;106;1;2018/10/05 01:43:02;1234
452;106;1;2018/10/05 01:43:02;1234
748;175;1;2018/10/05 01:43:02;1234
747;175;1;2018/10/05 01:43:02;1234
2543;622;1;2018/10/05 01:43:02;1234
2542;622;1;2018/10/05 01:43:02;1234
718;170;1;2018/10/05 01:43:02;1234
717;170;1;2018/10/05 01:43:02;1234
1433;345;1;2018/10/05 01:43:02;1234
1432;345;1;2018/10/05 01:43:02;1234
4466;1233;1;2018/10/05 01:43:02;1234
4434;1233;1;2018/10/05 01:43:02;1234
113;26;1;2018/10/05 01:43:02;1234
112;26;1;2018/10/05 01:43:02;1234
3128;772;1;2018/10/05 01:43:02;1234
3127;772;1;2018/10/05 01:43:02;1234
1423;342;1;2018/10/05 01:43:02;1234
1422;342;1;2018/10/05 01:43:02;1234
3308;821;1;2018/10/05 01:43:02;1234
3307;821;1;2018/10/05 01:43:02;1234
4156;1154;1;2018/10/05 01:43:02;1234
4226;1154;1;2018/10/05 01:43:02;1234
1898;451;1;2018/10/05 01:43:02;1234
1897;451;1;2018/10/05 01:43:02;1234
2765;672;1;2018/10/05 01:43:02;1234
2764;672;1;2018/10/05 01:43:02;1234
1716;407;1;2018/10/05 01:43:02;1234
1714;407;1;2018/10/05 01:43:02;1234
4913;1361;1;2018/10/05 01:43:02;1234
4912;1361;1;2018/10/05 01:43:02;1234
4942;1370;1;2018/10/05 01:43:02;1234
4915;1370;1;2018/10/05 01:43:02;1234
1992;475;1;2018/10/05 01:43:02;1234
1991;475;1;2018/10/05 01:43:02;1234
275;62;1;2018/10/05 01:43:02;1234
274;62;1;2018/10/05 01:43:02;1234
3986;1067;1;2018/10/05 01:43:02;1234
3985;1067;1;2018/10/05 01:43:02;1234
4944;1372;1;2018/10/05 01:43:02;1234
2784;1372;1;2018/10/05 01:43:02;1234
4945;1373;1;2018/10/05 01:43:02;1234
1912;1373;1;2018/10/05 01:43:02;1234
1911;455;1;2018/10/05 01:43:02;1234
1910;455;1;2018/10/05 01:43:02;1234
1933;461;1;2018/10/05 01:43:02;1234
1932;461;1;2018/10/05 01:43:02;1234
4187;1141;1;2018/10/05 01:43:02;1234
4186;1141;1;2018/10/05 01:43:02;1234
3403;986;1;2018/10/05 01:43:02;1234
1245;986;1;2018/10/05 01:43:02;1234
4262;1165;1;2018/10/05 01:43:02;1234
4261;1165;1;2018/10/05 01:43:02;1234
3774;1157;1;2018/10/05 01:43:02;1234
4229;1157;1;2018/10/05 01:43:02;1234
2544;1043;1;2018/10/05 01:43:02;1234
3920;1043;1;2018/10/05 01:43:02;1234
2407;590;1;2018/10/05 01:43:02;1234
2406;590;1;2018/10/05 01:43:02;1234
4849;1336;1;2018/10/05 01:43:02;1234
4848;1336;1;2018/10/05 01:43:02;1234
241;54;1;2018/10/05 01:43:02;1234
240;54;1;2018/10/05 01:43:02;1234
1871;443;1;2018/10/05 01:43:02;1234
1870;443;1;2018/10/05 01:43:02;1234
2173;522;1;2018/10/05 01:43:02;1234
2172;522;1;2018/10/05 01:43:02;1234
801;189;1;2018/10/05 01:43:02;1234
800;189;1;2018/10/05 01:43:02;1234
4856;1341;1;2018/10/05 01:43:02;1234
4855;1341;1;2018/10/05 01:43:02;1234
4030;1227;1;2018/10/05 01:43:02;1234
4515;1227;1;2018/10/05 01:43:02;1234
4866;1344;1;2018/10/05 01:43:02;1234
4865;1344;1;2018/10/05 01:43:02;1234
4894;1355;1;2018/10/05 01:43:02;1234
4893;1355;1;2018/10/05 01:43:02;1234
3139;1174;1;2018/10/05 01:43:02;1234
4291;1174;1;2018/10/05 01:43:02;1234
3188;1362;1;2018/10/05 01:43:02;1234
3785;1362;1;2018/10/05 01:43:02;1234
4928;1365;1;2018/10/05 01:43:02;1234
395;1365;1;2018/10/05 01:43:02;1234
4943;1371;1;2018/10/05 01:43:02;1234
4718;1371;1;2018/10/05 01:43:02;1234
547;127;1;2018/10/05 01:43:02;1234
546;127;1;2018/10/05 01:43:02;1234
4951;1374;1;2018/10/05 01:43:02;1234
4950;1374;1;2018/10/05 01:43:02;1234
4957;1375;1;2018/10/05 01:43:02;1234
4956;1375;1;2018/10/05 01:43:02;1234
1190;276;1;2018/10/05 01:43:02;1234
1189;276;1;2018/10/05 01:43:02;1234
1410;339;1;2018/10/05 01:43:02;1234
1409;339;1;2018/10/05 01:43:02;1234
3780;976;1;2018/10/05 01:43:02;1234
3779;976;1;2018/10/05 01:43:02;1234
4965;1378;1;2018/10/05 01:43:02;1234
2107;1378;1;2018/10/05 01:43:02;1234
2105;503;1;2018/10/05 01:43:02;1234
2104;503;1;2018/10/05 01:43:02;1234
98;23;1;2018/10/05 01:43:02;1234
97;23;1;2018/10/05 01:43:02;1234
1570;374;1;2018/10/05 01:43:02;1234
1569;374;1;2018/10/05 01:43:02;1234
1573;1348;1;2018/10/05 01:43:02;1234
4873;1348;1;2018/10/05 01:43:02;1234
2921;711;1;2018/10/05 01:43:02;1234
2920;711;1;2018/10/05 01:43:02;1234
579;1275;1;2018/10/05 01:43:02;1234
1643;1275;1;2018/10/05 01:43:02;1234
3688;962;2;2018/10/05 01:43:02;1234
1648;962;1;2018/10/05 01:43:02;1234
937;219;1;2018/10/05 01:43:02;1234
936;219;1;2018/10/05 01:43:02;1234
768;181;1;2018/10/05 01:43:02;1234
767;181;1;2018/10/05 01:43:02;1234
3043;749;1;2018/10/05 01:43:02;1234
3042;749;1;2018/10/05 01:43:02;1234
1512;361;1;2018/10/05 01:43:02;1234
1511;361;1;2018/10/05 01:43:02;1234
3067;755;1;2018/10/05 01:43:02;1234
3066;755;1;2018/10/05 01:43:02;1234
3333;825;1;2018/10/05 01:43:02;1234
3332;825;1;2018/10/05 01:43:02;1234
3054;752;1;2018/10/05 01:43:02;1234
3053;752;1;2018/10/05 01:43:02;1234
4970;1379;1;2018/10/05 01:43:02;1234
4969;1379;1;2018/10/05 01:43:02;1234
20;1156;1;2018/10/05 01:43:02;1234
1550;1156;1;2018/10/05 01:43:02;1234
1015;236;1;2018/10/05 01:43:02;1234
1014;236;1;2018/10/05 01:43:02;1234
1568;373;1;2018/10/05 01:43:02;1234
1567;373;1;2018/10/05 01:43:02;1234
1019;237;1;2018/10/05 01:43:02;1234
1018;237;1;2018/10/05 01:43:02;1234
890;209;1;2018/10/05 01:43:02;1234
889;209;1;2018/10/05 01:43:02;1234
2208;532;1;2018/10/05 01:43:02;1234
2207;532;1;2018/10/05 01:43:02;1234
1791;425;1;2018/10/05 01:43:02;1234
1790;425;1;2018/10/05 01:43:02;1234
192;42;1;2018/10/05 01:43:02;1234
191;42;1;2018/10/05 01:43:02;1234
2782;675;1;2018/10/05 01:43:02;1234
2781;675;1;2018/10/05 01:43:02;1234
2750;669;1;2018/10/05 01:43:02;1234
2749;669;1;2018/10/05 01:43:02;1234
1721;408;1;2018/10/05 01:43:02;1234
1720;408;1;2018/10/05 01:43:02;1234
318;72;1;2018/10/05 01:43:02;1234
317;72;1;2018/10/05 01:43:02;1234
170;38;1;2018/10/05 01:43:02;1234
169;38;1;2018/10/05 01:43:02;1234
187;41;1;2018/10/05 01:43:02;1234
186;41;1;2018/10/05 01:43:02;1234
880;206;1;2018/10/05 01:43:02;1234
879;206;1;2018/10/05 01:43:02;1234
2636;1380;1;2018/10/05 01:43:02;1234
2752;1380;1;2018/10/05 01:43:02;1234
2196;528;1;2018/10/05 01:43:02;1234
2195;528;1;2018/10/05 01:43:02;1234
4710;1292;;2018/10/05 01:43:02;1234
3002;1292;;2018/10/05 01:43:02;1234
4711;1293;;2018/10/05 01:43:02;1234
1301;1293;;2018/10/05 01:43:02;1234
181;1296;;2018/10/05 01:43:02;1234
4720;1296;;2018/10/05 01:43:02;1234
4721;1297;;2018/10/05 01:43:02;1234
2695;1297;;2018/10/05 01:43:02;1234
3506;1299;;2018/10/05 01:43:02;1234
4723;1299;;2018/10/05 01:43:02;1234
597;1303;;2018/10/05 01:43:02;1234
2513;1303;;2018/10/05 01:43:02;1234
605;1304;;2018/10/05 01:43:02;1234
4754;1304;;2018/10/05 01:43:02;1234
4755;1305;;2018/10/05 01:43:02;1234
1318;1305;;2018/10/05 01:43:02;1234
1266;1307;;2018/10/05 01:43:02;1234
4761;1307;;2018/10/05 01:43:02;1234
4765;1310;;2018/10/05 01:43:02;1234
188;1310;;2018/10/05 01:43:02;1234
83;1311;;2018/10/05 01:43:02;1234
266;1311;;2018/10/05 01:43:02;1234
3;1313;;2018/10/05 01:43:02;1234
4766;1313;;2018/10/05 01:43:02;1234
3845;1314;;2018/10/05 01:43:02;1234
4767;1314;;2018/10/05 01:43:02;1234
4775;1315;;2018/10/05 01:43:02;1234
314;1315;;2018/10/05 01:43:02;1234
1033;1316;;2018/10/05 01:43:02;1234
4776;1316;;2018/10/05 01:43:02;1234
864;1318;;2018/10/05 01:43:02;1234
4779;1318;;2018/10/05 01:43:02;1234
4813;1323;;2018/10/05 01:43:02;1234
531;1323;;2018/10/05 01:43:02;1234
4814;1324;;2018/10/05 01:43:02;1234
346;1324;;2018/10/05 01:43:02;1234
2547;1327;;2018/10/05 01:43:02;1234
4828;1327;;2018/10/05 01:43:02;1234
1704;1328;;2018/10/05 01:43:02;1234
4829;1328;;2018/10/05 01:43:02;1234
4830;1329;;2018/10/05 01:43:02;1234
2416;1329;;2018/10/05 01:43:02;1234
4832;1331;;2018/10/05 01:43:02;1234
569;1331;;2018/10/05 01:43:02;1234
1769;1332;;2018/10/05 01:43:02;1234
4833;1332;;2018/10/05 01:43:02;1234
4835;1333;;2018/10/05 01:43:02;1234
1366;1333;;2018/10/05 01:43:02;1234
2488;1334;;2018/10/05 01:43:02;1234
4836;1334;;2018/10/05 01:43:02;1234
4796;1335;;2018/10/05 01:43:02;1234
4837;1335;;2018/10/05 01:43:02;1234
4852;1337;;2018/10/05 01:43:02;1234
2518;1337;;2018/10/05 01:43:02;1234
1048;1338;;2018/10/05 01:43:02;1234
1144;1338;;2018/10/05 01:43:02;1234
4860;1342;;2018/10/05 01:43:02;1234
4858;1342;;2018/10/05 01:43:02;1234
4452;1352;;2018/10/05 01:43:02;1234
4887;1352;;2018/10/05 01:43:02;1234
3995;1074;;2018/10/05 01:43:02;1234
1005;1074;;2018/10/05 01:43:02;1234
3996;1075;;2018/10/05 01:43:02;1234
1295;1075;;2018/10/05 01:43:02;1234
3997;1076;;2018/10/05 01:43:02;1234
1416;1076;;2018/10/05 01:43:02;1234
3999;1077;;2018/10/05 01:43:02;1234
3998;1077;;2018/10/05 01:43:02;1234
4006;1078;;2018/10/05 01:43:02;1234
2413;1078;;2018/10/05 01:43:02;1234
615;1079;;2018/10/05 01:43:02;1234
4007;1079;;2018/10/05 01:43:02;1234
4009;1080;;2018/10/05 01:43:02;1234
1761;1080;;2018/10/05 01:43:02;1234
4010;1081;;2018/10/05 01:43:02;1234
2399;1081;;2018/10/05 01:43:02;1234
2050;1082;;2018/10/05 01:43:02;1234
4011;1082;;2018/10/05 01:43:02;1234
95;1083;;2018/10/05 01:43:02;1234
4012;1083;;2018/10/05 01:43:02;1234
4013;1084;;2018/10/05 01:43:02;1234
918;1084;;2018/10/05 01:43:02;1234
4024;1085;;2018/10/05 01:43:02;1234
4025;1085;;2018/10/05 01:43:02;1234
4026;1086;;2018/10/05 01:43:02;1234
145;1086;;2018/10/05 01:43:02;1234
4033;1088;;2018/10/05 01:43:02;1234
527;1088;;2018/10/05 01:43:02;1234
4035;1089;;2018/10/05 01:43:02;1234
1673;1089;;2018/10/05 01:43:02;1234
4045;1091;;2018/10/05 01:43:02;1234
608;1091;;2018/10/05 01:43:02;1234
4048;1093;;2018/10/05 01:43:02;1234
1006;1093;;2018/10/05 01:43:02;1234
449;1095;;2018/10/05 01:43:02;1234
4049;1095;;2018/10/05 01:43:02;1234
171;1096;;2018/10/05 01:43:02;1234
4057;1096;;2018/10/05 01:43:02;1234
4059;1097;;2018/10/05 01:43:02;1234
1463;1097;;2018/10/05 01:43:02;1234
4065;1099;;2018/10/05 01:43:02;1234
963;1099;;2018/10/05 01:43:02;1234
4066;1100;;2018/10/05 01:43:02;1234
3842;1100;;2018/10/05 01:43:02;1234
4068;1101;;2018/10/05 01:43:02;1234
363;1101;;2018/10/05 01:43:02;1234
4074;1103;;2018/10/05 01:43:02;1234
1551;1103;;2018/10/05 01:43:02;1234
158;1106;;2018/10/05 01:43:02;1234
4082;1106;;2018/10/05 01:43:02;1234
3368;1107;;2018/10/05 01:43:02;1234
4094;1107;;2018/10/05 01:43:02;1234
4101;1108;;2018/10/05 01:43:02;1234
916;1108;;2018/10/05 01:43:02;1234
1204;1111;;2018/10/05 01:43:02;1234
4115;1111;;2018/10/05 01:43:02;1234
3077;1112;;2018/10/05 01:43:02;1234
4116;1112;;2018/10/05 01:43:02;1234
4117;1113;;2018/10/05 01:43:02;1234
893;1113;;2018/10/05 01:43:02;1234
4146;1126;;2018/10/05 01:43:02;1234
4147;1126;;2018/10/05 01:43:02;1234
4149;1127;;2018/10/05 01:43:02;1234
6;1127;;2018/10/05 01:43:02;1234
1760;1128;;2018/10/05 01:43:02;1234
4150;1128;;2018/10/05 01:43:02;1234
1574;1129;;2018/10/05 01:43:02;1234
4158;1129;;2018/10/05 01:43:02;1234
2584;1131;;2018/10/05 01:43:02;1234
4168;1131;;2018/10/05 01:43:02;1234
944;1132;;2018/10/05 01:43:02;1234
4173;1132;;2018/10/05 01:43:02;1234
4174;1133;;2018/10/05 01:43:02;1234
133;1133;;2018/10/05 01:43:02;1234
4175;1134;;2018/10/05 01:43:02;1234
2336;1134;;2018/10/05 01:43:02;1234
2716;1135;;2018/10/05 01:43:02;1234
4176;1135;;2018/10/05 01:43:02;1234
2783;1136;;2018/10/05 01:43:02;1234
4178;1136;;2018/10/05 01:43:02;1234
4183;1138;;2018/10/05 01:43:02;1234
2410;1138;;2018/10/05 01:43:02;1234
4961;1376;;2018/10/05 01:43:02;1234
4962;1376;;2018/10/05 01:43:02;1234
2229;539;;2018/10/05 01:43:02;1234
2230;539;;2018/10/05 01:43:02;1234
2252;545;;2018/10/05 01:43:02;1234
2253;545;;2018/10/05 01:43:02;1234
2279;553;;2018/10/05 01:43:02;1234
2280;553;;2018/10/05 01:43:02;1234
2291;557;;2018/10/05 01:43:02;1234
2292;557;;2018/10/05 01:43:02;1234
2305;560;;2018/10/05 01:43:02;1234
2306;560;;2018/10/05 01:43:02;1234
2326;568;;2018/10/05 01:43:02;1234
2327;568;;2018/10/05 01:43:02;1234
2892;705;;2018/10/05 01:43:02;1234
2893;705;;2018/10/05 01:43:02;1234
2931;715;;2018/10/05 01:43:02;1234
2932;715;;2018/10/05 01:43:02;1234
2960;723;;2018/10/05 01:43:02;1234
2961;723;;2018/10/05 01:43:02;1234
2995;735;;2018/10/05 01:43:02;1234
2996;735;;2018/10/05 01:43:02;1234
3132;773;;2018/10/05 01:43:02;1234
3133;773;;2018/10/05 01:43:02;1234
3153;778;;2018/10/05 01:43:02;1234
3154;778;;2018/10/05 01:43:02;1234
3166;781;;2018/10/05 01:43:02;1234
3167;781;;2018/10/05 01:43:02;1234
3282;816;;2018/10/05 01:43:02;1234
3284;816;;2018/10/05 01:43:02;1234
3570;959;;2018/10/05 01:43:02;1234
3576;959;;2018/10/05 01:43:02;1234
3081;981;;2018/10/05 01:43:02;1234
132;981;;2018/10/05 01:43:02;1234
3822;1006;;2018/10/05 01:43:02;1234
3823;1006;;2018/10/05 01:43:02;1234
4164;1130;;2018/10/05 01:43:02;1234
4165;1130;;2018/10/05 01:43:02;1234
4642;1277;;2018/10/05 01:43:02;1234
4643;1277;;2018/10/05 01:43:02;1234
4646;1278;;2018/10/05 01:43:02;1234
4157;1278;;2018/10/05 01:43:02;1234
235;53;;2018/10/05 01:43:02;1234
236;53;;2018/10/05 01:43:02;1234
305;69;;2018/10/05 01:43:02;1234
306;69;;2018/10/05 01:43:02;1234
427;99;;2018/10/05 01:43:02;1234
428;99;;2018/10/05 01:43:02;1234
1040;241;;2018/10/05 01:43:02;1234
1041;241;;2018/10/05 01:43:02;1234
1392;335;;2018/10/05 01:43:02;1234
1393;335;;2018/10/05 01:43:02;1234
1816;431;;2018/10/05 01:43:02;1234
1817;431;;2018/10/05 01:43:02;1234
1822;432;;2018/10/05 01:43:02;1234
1823;432;;2018/10/05 01:43:02;1234
2451;601;;2018/10/05 01:43:02;1234
2452;601;;2018/10/05 01:43:02;1234
2634;643;;2018/10/05 01:43:02;1234
2635;643;;2018/10/05 01:43:02;1234
2895;706;;2018/10/05 01:43:02;1234
2896;706;;2018/10/05 01:43:02;1234
3156;779;;2018/10/05 01:43:02;1234
3157;779;;2018/10/05 01:43:02;1234
58;15;;2018/10/05 01:43:02;1234
59;15;;2018/10/05 01:43:02;1234
161;36;;2018/10/05 01:43:02;1234
162;36;;2018/10/05 01:43:02;1234
264;60;;2018/10/05 01:43:02;1234
265;60;;2018/10/05 01:43:02;1234
379;88;;2018/10/05 01:43:02;1234
380;88;;2018/10/05 01:43:02;1234
841;198;;2018/10/05 01:43:02;1234
842;198;;2018/10/05 01:43:02;1234
1534;366;;2018/10/05 01:43:02;1234
1535;366;;2018/10/05 01:43:02;1234
1618;384;;2018/10/05 01:43:02;1234
1619;384;;2018/10/05 01:43:02;1234
2024;484;;2018/10/05 01:43:02;1234
2025;484;;2018/10/05 01:43:02;1234
2137;511;;2018/10/05 01:43:02;1234
2138;511;;2018/10/05 01:43:02;1234
2476;607;;2018/10/05 01:43:02;1234
2477;607;;2018/10/05 01:43:02;1234
2622;641;;2018/10/05 01:43:02;1234
2623;641;;2018/10/05 01:43:02;1234
141;33;;2018/10/05 01:43:02;1234
142;33;;2018/10/05 01:43:02;1234
519;122;;2018/10/05 01:43:02;1234
520;122;;2018/10/05 01:43:02;1234
640;150;;2018/10/05 01:43:02;1234
641;150;;2018/10/05 01:43:02;1234
733;172;;2018/10/05 01:43:02;1234
734;172;;2018/10/05 01:43:02;1234
1028;239;;2018/10/05 01:43:02;1234
1029;239;;2018/10/05 01:43:02;1234
1308;311;;2018/10/05 01:43:02;1234
1309;311;;2018/10/05 01:43:02;1234
1419;341;;2018/10/05 01:43:02;1234
1420;341;;2018/10/05 01:43:02;1234
1656;392;;2018/10/05 01:43:02;1234
1657;392;;2018/10/05 01:43:02;1234
2803;679;;2018/10/05 01:43:02;1234
2804;679;;2018/10/05 01:43:02;1234
928;217;;2018/10/05 01:43:02;1234
929;217;;2018/10/05 01:43:02;1234
942;221;;2018/10/05 01:43:02;1234
943;221;;2018/10/05 01:43:02;1234
1290;306;;2018/10/05 01:43:02;1234
1291;306;;2018/10/05 01:43:02;1234
2275;552;;2018/10/05 01:43:02;1234
2276;552;;2018/10/05 01:43:02;1234
2411;591;;2018/10/05 01:43:02;1234
2412;591;;2018/10/05 01:43:02;1234
2579;631;;2018/10/05 01:43:02;1234
2580;631;;2018/10/05 01:43:02;1234
2801;678;;2018/10/05 01:43:02;1234
2802;678;;2018/10/05 01:43:02;1234
1798;427;;2018/10/05 01:43:02;1234
1799;427;;2018/10/05 01:43:02;1234
2119;507;;2018/10/05 01:43:02;1234
2120;507;;2018/10/05 01:43:02;1234
373;86;;2018/10/05 01:43:02;1234
374;86;;2018/10/05 01:43:02;1234
1772;421;;2018/10/05 01:43:02;1234
1774;421;;2018/10/05 01:43:02;1234
294;67;;2018/10/05 01:43:02;1234
295;67;;2018/10/05 01:43:02;1234
1079;251;;2018/10/05 01:43:02;1234
1080;251;;2018/10/05 01:43:02;1234
1967;470;;2018/10/05 01:43:02;1234
1968;470;;2018/10/05 01:43:02;1234
2571;629;;2018/10/05 01:43:02;1234
2572;629;;2018/10/05 01:43:02;1234
2922;712;;2018/10/05 01:43:02;1234
2923;712;;2018/10/05 01:43:02;1234
3192;790;;2018/10/05 01:43:02;1234
3193;790;;2018/10/05 01:43:02;1234
3906;1041;;2018/10/05 01:43:02;1234
3907;1041;;2018/10/05 01:43:02;1234
4250;1162;;2018/10/05 01:43:02;1234
4251;1162;;2018/10/05 01:43:02;1234
4930;1367;;2018/10/05 01:43:02;1234
4931;1367;;2018/10/05 01:43:02;1234
1462;351;1;2018/10/05 01:43:02;1234
1461;351;1;2018/10/05 01:43:02;1234
1364;328;1;2018/10/05 01:43:02;1234
1363;328;1;2018/10/05 01:43:02;1234
674;158;1;2018/10/05 01:43:02;1234
673;158;1;2018/10/05 01:43:02;1234
2986;732;1;2018/10/05 01:43:02;1234
2985;732;1;2018/10/05 01:43:02;1234
2014;481;1;2018/10/05 01:43:02;1234
2013;481;1;2018/10/05 01:43:02;1234
3029;746;1;2018/10/05 01:43:02;1234
3028;746;1;2018/10/05 01:43:02;1234
3094;763;1;2018/10/05 01:43:02;1234
3093;763;1;2018/10/05 01:43:02;1234
3199;792;1;2018/10/05 01:43:02;1234
3198;792;1;2018/10/05 01:43:02;1234
4831;1330;1;2018/10/05 01:43:02;1234
3964;1330;1;2018/10/05 01:43:02;1234
2914;710;1;2018/10/05 01:43:02;1234
2913;710;1;2018/10/05 01:43:02;1234
4964;1377;1;2018/10/05 01:43:02;1234
550;1377;1;2018/10/05 01:43:02;1234
3076;758;1;2018/10/05 01:43:02;1234
3075;758;1;2018/10/05 01:43:02;1234
3032;747;1;2018/10/05 01:43:02;1234
3031;747;1;2018/10/05 01:43:02;1234
866;203;1;2018/10/05 01:43:02;1234
865;203;1;2018/10/05 01:43:02;1234
4871;1346;1;2018/10/05 01:43:02;1234
2393;1346;1;2018/10/05 01:43:02;1234
2392;586;1;2018/10/05 01:43:02;1234
2391;586;1;2018/10/05 01:43:02;1234
2947;720;1;2018/10/05 01:43:02;1234
2946;720;1;2018/10/05 01:43:02;1234
