MaGiaDinh;MaGiaoHo;TenGiaDinh;GhiChu;DienThoai;DiaChi;DaXoa;UpdateDate;DaChuyenXu;NgayChuyen;NoiChuyen;GiaDinhAo;MaNhanDang;MaGiaDinhRieng;AnhDaiDien;SoHoKhau;DienGiaDinh;MaGiaoXuRieng
1;0;A;;;;False;2018/10/21 12:45:27;False;;;True;634A7A3F65314368826GIADINH1636757188272308524;;;;;1221
2;0;Cxzcxz;;;;False;2018/10/21 12:45:28;False;;;True;634A7A3F65314368826GIADINH2636757188531087576;;;;;1221
3;0;Dsadsad;;;;False;2018/10/21 12:45:28;False;;;True;634A7A3F65314368826GIADINH3636757190768667834;;;;;1221
4;1;Cxzcxzc;;;;False;2018/10/21 12:45:28;False;;;False;70F4B3CB9FF948A990AGIADINH4636757196468984187;;;;;1221
5;1;Czxczxc;;;;False;2018/10/21 12:45:28;False;;;False;70F4B3CB9FF948A990AGIADINH5636757196815767372;;;;;1221
6;1;Zcxcxzc;;;;False;2018/10/21 12:45:28;False;;;False;70F4B3CB9FF948A990AGIADINH6636757198491846572;;;;;1221
7;1;New;;;;False;2018/10/21 12:45:28;False;;;False;70F4B3CB9FF948A990AGIADINH7636757201773731631;;;;;1221
8;1;Fix Gia Dinh;;;;False;2018/10/21 12:45:28;False;;;False;70F4B3CB9FF948A990AGIADINH8636757202232795170;;;;;1221
