MaDotBiTich;NgayBiTich;MoTa;LinhMuc;LoaiBiTich;NoiBiTich;UpdateDate;MaGiaoXuRieng;DeleteClient
25;01/10/2018;Đợt bí tích Rửa tội ngày 01 tháng 10 năm 2018;Tao;0;ABCDE;2018/10/30 21:49:10;1221;0
26;01/10/2018;Đợt bí tích Rửa tội ngày 01 tháng 10 năm 2018;Tao;0;ABCDE;2018/10/30 21:52:51;1221;0
27;01/10/2018;Đợt bí tích Rửa tội ngày 01 tháng 10 năm 2018;Tao;0;ABCDE;2018/10/30 22:03:21;1221;0
28;01/10/2018;Đợt bí tích Rửa tội ngày 01 tháng 10 năm 2018;Tao;0;ABCDE;2018/10/30 22:03:47;1221;0
29;01/10/2018;Đợt bí tích Rửa tội ngày 01 tháng 10 năm 2018;Tao;0;ABCDE;2018/10/30 22:05:25;1221;0
30;01/10/2018;Đợt bí tích Rửa tội ngày 01 tháng 10 năm 2018;Tao;0;ABCDE;2018/10/30 22:06:29;1221;0
31;01/10/2018;Đợt bí tích Rửa tội ngày 01 tháng 10 năm 2018;Tao;0;ABCDE;2018/10/30 22:06:59;1221;0
32;01/10/2018;Đợt bí tích Rửa tội ngày 01 tháng 10 năm 2018;Tao;0;ABCDE;2018/10/30 22:08:05;1221;0
33;01/10/2018;Đợt bí tích Rửa tội ngày 01 tháng 10 năm 2018;Tao;0;ABCDE;2018/10/30 22:12:47;1221;0
34;01/10/2018;Đợt bí tích Rửa tội ngày 01 tháng 10 năm 2018;Tao;0;ABCDE;2018/10/30 22:14:34;1221;0
35;01/10/2018;Đợt bí tích Rửa tội ngày 01 tháng 10 năm 2018;Tao;0;ABCDE;2018/10/30 22:17:12;1221;0
36;01/10/2018;Đợt bí tích Rửa tội ngày 01 tháng 10 năm 2018;Tao;0;ABCDE;2018/10/30 22:18:35;1221;0
37;01/10/2018;Đợt bí tích Rửa tội ngày 01 tháng 10 năm 2018;Tao;0;ABCDE;2018/10/30 22:21:29;1221;0
38;01/10/2018;Đợt bí tích Rửa tội ngày 01 tháng 10 năm 2018;Tao;0;ABCDE;2018/10/30 22:23:51;1221;0
39;01/10/2018;Đợt bí tích Rửa tội ngày 01 tháng 10 năm 2018;Tao;0;ABCDE;2018/10/30 22:24:35;1221;0
40;01/10/2018;Đợt bí tích Rửa tội ngày 01 tháng 10 năm 2018;Tao;0;ABCDE;2018/10/30 22:26:15;1221;0
41;01/10/2018;Đợt bí tích Rửa tội ngày 01 tháng 10 năm 2018;Tao;0;ABCDE;2018/10/30 22:29:05;1221;0
42;01/10/2018;Đợt bí tích Rửa tội ngày 01 tháng 10 năm 2018;Tao;0;ABCDE;2018/10/30 22:31:09;1221;0
43;01/10/2018;Đợt bí tích Rửa tội ngày 01 tháng 10 năm 2018;Tao;0;ABCDE;2018/10/30 22:33:04;1221;0
44;01/10/2018;Đợt bí tích Rửa tội ngày 01 tháng 10 năm 2018;Tao;0;ABCDE;2018/10/30 22:39:08;1221;0
45;01/10/2018;Đợt bí tích Rửa tội ngày 01 tháng 10 năm 2018;Tao;0;ABCDE;2018/10/30 22:43:00;1221;0
46;01/10/2018;Đợt bí tích Rửa tội ngày 01 tháng 10 năm 2018;Tao;0;ABCDE;2018/10/30 22:45:11;1221;0
47;01/10/2018;Đợt bí tích Rửa tội ngày 01 tháng 10 năm 2018;Tao;0;ABCDE;2018/10/30 22:46:23;1221;0
48;01/10/2018;Đợt bí tích Rửa tội ngày 01 tháng 10 năm 2018;Tao;0;ABCDE;2018/10/30 22:47:14;1221;0
49;01/10/2018;Đợt bí tích Rửa tội ngày 01 tháng 10 năm 2018;Tao;0;ABCDE;2018/10/30 22:52:13;1221;0
50;01/10/2018;Đợt bí tích Rửa tội ngày 01 tháng 10 năm 2018;Tao;0;ABCDE;2018/10/30 22:54:23;1221;0
51;01/10/2018;Đợt bí tích Rửa tội ngày 01 tháng 10 năm 2018;Tao;0;ABCDE;2018/10/30 22:56:11;1221;0
52;01/10/2018;Đợt bí tích Rửa tội ngày 01 tháng 10 năm 2018;Tao;0;ABCDE;2018/10/30 22:56:59;1221;0
53;01/10/2018;Đợt bí tích Rửa tội ngày 01 tháng 10 năm 2018;Tao;0;ABCDE;2018/10/30 22:58:22;1221;0
54;01/10/2018;Đợt bí tích Rửa tội ngày 01 tháng 10 năm 2018;Tao;0;ABCDE;2018/10/30 23:00:56;1221;0
55;01/10/2018;Đợt bí tích Rửa tội ngày 01 tháng 10 năm 2018;Tao;0;ABCDE;2018/10/30 23:01:38;1221;0
56;01/10/2018;Đợt bí tích Rửa tội ngày 01 tháng 10 năm 2018;Tao;0;ABCDE;2018/10/30 23:02:12;1221;0
57;01/10/2018;Đợt bí tích Rửa tội ngày 01 tháng 10 năm 2018;Tao;0;ABCDE;2018/10/30 23:03:51;1221;0
58;01/10/2018;Đợt bí tích Rửa tội ngày 01 tháng 10 năm 2018;Tao;0;ABCDE;2018/10/30 23:05:15;1221;0
59;01/10/2018;Đợt bí tích Rửa tội ngày 01 tháng 10 năm 2018;Tao;0;ABCDE;2018/10/30 23:06:12;1221;0
60;01/10/2018;Đợt bí tích Rửa tội ngày 01 tháng 10 năm 2018;Tao;0;ABCDE;2018/10/30 23:10:00;1221;0
1;01/10/2018;Đợt bí tích Rửa tội ngày 01 tháng 10 năm 2018;Tao;0;ABCDE;2018/10/29 14:05:21;1221;0
2;01/10/2018;Đợt bí tích Rửa tội ngày 01 tháng 10 năm 2018;Tao;0;ABCDE;2018/10/29 14:28:01;1221;0
3;01/10/2018;Đợt bí tích Rửa tội ngày 01 tháng 10 năm 2018;Tao;0;ABCDE;2018/10/29 14:30:28;1221;0
4;01/10/2018;Đợt bí tích Rửa tội ngày 01 tháng 10 năm 2018;Tao;0;ABCDE;2018/10/29 14:36:20;1221;0
5;01/10/2018;Đợt bí tích Rửa tội ngày 01 tháng 10 năm 2018;Tao;0;ABCDE;2018/10/29 14:37:35;1221;0
6;01/10/2018;Đợt bí tích Rửa tội ngày 01 tháng 10 năm 2018;Tao;0;ABCDE;2018/10/29 14:38:29;1221;0
7;01/10/2018;Đợt bí tích Rửa tội ngày 01 tháng 10 năm 2018;Tao;0;ABCDE;2018/10/29 14:50:04;1221;0
8;01/10/2018;Đợt bí tích Rửa tội ngày 01 tháng 10 năm 2018;Tao;0;ABCDE;2018/10/29 14:52:20;1221;0
9;01/10/2018;Đợt bí tích Rửa tội ngày 01 tháng 10 năm 2018;Tao;0;ABCDE;2018/10/29 14:53:21;1221;0
10;01/10/2018;Đợt bí tích Rửa tội ngày 01 tháng 10 năm 2018;Tao;0;ABCDE;2018/10/29 14:54:35;1221;0
11;01/10/2018;Đợt bí tích Rửa tội ngày 01 tháng 10 năm 2018;Tao;0;ABCDE;2018/10/29 14:55:27;1221;0
12;01/10/2018;Đợt bí tích Rửa tội ngày 01 tháng 10 năm 2018;Tao;0;ABCDE;2018/10/29 14:57:50;1221;0
13;01/10/2018;Đợt bí tích Rửa tội ngày 01 tháng 10 năm 2018;Tao;0;ABCDE;2018/10/29 14:58:22;1221;0
14;01/10/2018;Đợt bí tích Rửa tội ngày 01 tháng 10 năm 2018;Tao;0;ABCDE;2018/10/29 14:59:30;1221;0
15;01/10/2018;Đợt bí tích Rửa tội ngày 01 tháng 10 năm 2018;Tao;0;ABCDE;2018/10/29 15:00:19;1221;0
16;01/10/2018;Đợt bí tích Rửa tội ngày 01 tháng 10 năm 2018;Tao;0;ABCDE;2018/10/29 15:01:20;1221;0
17;01/10/2018;Đợt bí tích Rửa tội ngày 01 tháng 10 năm 2018;Tao;0;ABCDE;2018/10/29 15:01:55;1221;0
18;01/10/2018;Đợt bí tích Rửa tội ngày 01 tháng 10 năm 2018;Tao;0;ABCDE;2018/10/29 15:03:25;1221;0
19;01/10/2018;Đợt bí tích Rửa tội ngày 01 tháng 10 năm 2018;Tao;0;ABCDE;2018/10/29 15:07:13;1221;0
20;01/10/2018;Đợt bí tích Rửa tội ngày 01 tháng 10 năm 2018;Tao;0;ABCDE;2018/10/30 21:27:29;1221;0
21;01/10/2018;Đợt bí tích Rửa tội ngày 01 tháng 10 năm 2018;Tao;0;ABCDE;2018/10/30 21:28:20;1221;0
22;01/10/2018;Đợt bí tích Rửa tội ngày 01 tháng 10 năm 2018;Tao;0;ABCDE;2018/10/30 21:30:27;1221;0
23;01/10/2018;Đợt bí tích Rửa tội ngày 01 tháng 10 năm 2018;Tao;0;ABCDE;2018/10/30 21:34:36;1221;0
24;01/10/2018;Đợt bí tích Rửa tội ngày 01 tháng 10 năm 2018;Tao;0;ABCDE;2018/10/30 21:46:47;1221;0
