MaGiaoDan;HoTen;MaGiaoHo;Phai;TenThanh;NgaySinh;NoiSinh;SoRuaToi;NgayRuaToi;NoiRuaToi;ChaRuaToi;NguoiDoDauRuaToi;NgayRuocLe;NoiRuocLe;ChaRuocLe;SoThemSuc;NgayThemSuc;NoiThemSuc;ChaThemSuc;NguoiDoDauThemSuc;TrinhDoVanHoa;NgheNghiep;ConHoc;QuaDoi;NgayQuaDoi;DienThoai;Email;DaXoa;GhiChu;UpdateDate;SoRuocLe;HoTenCha;HoTenMe;DaCoGiaDinh;GiaoDanAo;TanTong;MaNhanDang;ThuocGiaoXu;ThuocGiaoPhan;DiaChi;DanToc;NoiQuaDoi;SoAnTang;NoiAnTang;AnhDaiDien;CMND;TrinhDoChuyenMon;BietNgoaiNgu;MaGiaoXuRieng
1;A;1;Nam;Achillêô;;;;;;;;;;;;;;;;;;False;False;;;;False;;2018/10/21 11:40:28;;;;True;True;False;634A7A3F65314368826GIAODAN1636757188093828815;;;;;;;;;;;;1221
2;Cxzcxz;0;Nam;Callistô I;;;;;;;;;;;;;;;;;;False;False;;;;False;;2018/10/21 11:40:54;;;;True;True;False;634A7A3F65314368826GIAODAN2636757188485474839;;;;;;;;;;;;1221
3;Xczcxzc;1;Nam;Cxvcxv;;;;;;;;;;;;;;;;;;False;False;;;;False;;2018/10/21 11:41:21;;;;True;False;False;634A7A3F65314368826GIAODAN3636757188780968379;;;;;;;;;;;;1221
4;Dsadsad;0;Nam;Cxzcxz;;;;;;;;;;;;;;;;;;False;False;;;;False;;2018/10/21 11:44:38;;;;True;True;False;634A7A3F65314368826GIAODAN4636757190710775154;;;;;;;;;;;;1221
5;Cxzcxzc;1;Nam;Cczxcxzc;;;;;;;;;;;;;;;;;;False;False;;;;False;;2018/10/21 11:54:07;;;;True;False;False;70F4B3CB9FF948A990AGIAODAN5636757196453497683;;;;;;;;;;;;1221
