MaLinhMuc;TenThanh;HoTen;NgaySinh;ChucVu;TuNgay;DenNgay;GhiChu;DienThoai;Email;DaXoa;UpdateDate;MaGiaoXuRieng
1;Đaminh;Phạm Hữu Tư;04/08/1905;Chánh xứ;1954;27/03/1977;qua  đời;;;False;2018/10/05 01:43:03;1234
2;Đaminh;Nguyễn Văn Tòng;19/11/1947;Chánh xứ;24/07/1977;13/06/1998;thuyên chuyển;;;False;2018/10/05 01:43:03;1234
3;Giuse;Nguyễn Văn Uy;1948;Quản nhiệm;13/06/1998;03/04/2002;;;;False;2018/10/05 01:43:03;1234
4;Đaminh;Đặng Duy Hòa;05/03/1930;Chánh xứ;03/04/2002;16/02/2006;thuyên chuyển;;;False;2018/10/05 01:43:03;1234
5;Đaminh;Vũ Hùng Cường;08/11/1962;Chánh xứ;23/02/2006;20/08/2017;;0984314062;;False;2018/10/05 01:43:03;1234
6;Đaminh;Trịnh Đình Cương;12/12/1974;Chánh xứ;21/08/2017;;;0906366036;;False;2018/10/05 01:43:03;1234
