MaLinhMuc;TenThanh;HoTen;NgaySinh;ChucVu;TuNgay;DenNgay;GhiChu;DienThoai;Email;DaXoa;UpdateDate;MaGiaoXuRieng;DeleteClient
1;Don Ky;Ho Te Chi Ton Vo Lam;01/10/2018;Chánh xứ;09/10/2018;16/10/2018;;;;True;2018/10/31 15:02:43;1221;0
2;Don Ky;Ho Te;01/10/2018;Chánh xứ;09/10/2018;16/10/2018;;;;True;2018/10/31 15:02:44;1221;0
3;Don Ky;Ho Te Chi Ton Vo Lam bao dao do long;27/10/2018;Chánh xứ;09/10/2018;16/10/2018;;;;False;2018/10/31 21:34:57;1221;0
4;Don Ky;Ho Te;01/10/2018;Chánh xứ;09/10/2018;16/10/2018;;;;True;2018/10/31 21:34:57;1221;0
5;Batman;Vo Cao King;;Chánh xứ;;;;;;True;2018/10/31 21:34:57;1221;0
