MaGiaoHo;TenGiaoHo;DaXoa;UpdateDate;MaNhanDang;MaGiaoHoCha;MaGiaoXuRieng;DeleteClient
1;Hello World;False;2018/10/31 22:28:24;6EBB03AA793D40E0A9BGIAOHO1636766192952512450;;1221;0
2;A;False;2018/10/31 22:28:24;554DC3CBC51843D699DGIAOHO1636764186199200021;0;1221;0
3;B;False;2018/10/31 22:28:24;554DC3CBC51843D699DGIAOHO2636764186233380100;0;1221;0
4;E;False;2018/10/31 22:28:24;3806AFA3201741B8A26GIAOHO1636764098622837894;0;1221;0
5;F;False;2018/10/31 22:28:24;3806AFA3201741B8A26GIAOHO2636764098646604244;0;1221;0
