MaLinhMuc;TenThanh;HoTen;NgaySinh;ChucVu;TuNgay;DenNgay;GhiChu;DienThoai;Email;DaXoa;UpdateDate;MaGiaoXuRieng;DeleteClient
1;Don Ky;Ho Te Chi Ton Vo Lam;01/10/2018;Chánh xứ;09/10/2018;16/10/2018;;;;True;2018/10/30 23:13:12;1221;0
2;Don Ky;Ho Te;01/10/2018;Chánh xứ;09/10/2018;16/10/2018;;;;True;2018/10/30 23:12:08;1221;0
3;Don Ky;Ho Te Chi Ton Vo Lam;01/10/2018;Chánh xứ;09/10/2018;16/10/2018;;;;True;2018/10/30 23:12:05;1221;0
4;Don Ky;Ho Te Chi Ton Vo Lam;01/10/2018;Chánh xứ;09/10/2018;16/10/2018;;;;True;2018/10/30 23:15:53;1221;0
5;Don Ky;Ho Te;01/10/2018;Chánh xứ;09/10/2018;16/10/2018;;;;True;2018/10/30 23:15:53;1221;0
