ID;LoaiDuLieu;MaDuLieu;DuLieu1;DuLieu2;UpdateDate;MaGiaoXuRieng
1;1;Maria;Maria;;8/29/2018 2:39:33 PM;1221
2;1;Basiliô;Basiliô;;8/29/2018 2:39:33 PM;1221
3;1;Grêgoriô Nazianzênô;Grêgoriô Nazianzênô;;8/29/2018 2:39:33 PM;1221
4;1;Thánh Danh;Thánh Danh;;8/29/2018 2:39:33 PM;1221
5;1;Elisabeth Ann Senton;Elisabeth Ann Senton;;8/29/2018 2:39:33 PM;1221
6;1;Gioan Neumann;Gioan Neumann;;8/29/2018 2:39:33 PM;1221
7;1;Anrê Besset;Anrê Besset;;8/29/2018 2:39:33 PM;1221
8;1;Raymunđô;Raymunđô;;8/29/2018 2:39:33 PM;1221
9;1;Giuse Tuấn;Giuse Tuấn;;8/29/2018 2:39:33 PM;1221
10;1;Hilariô;Hilariô;;8/29/2018 2:39:33 PM;1221
11;1;Đaminh Khảm;Đaminh Khảm;;8/29/2018 2:39:33 PM;1221
12;1;Giuse Tả;Giuse Tả;;8/29/2018 2:39:33 PM;1221
13;1;Luca Thìn;Luca Thìn;;8/29/2018 2:39:33 PM;1221
14;1;Antôn;Antôn;;8/29/2018 2:39:33 PM;1221
15;1;Phabianô;Phabianô;;8/29/2018 2:39:33 PM;1221
16;1;Sêbastianô;Sêbastianô;;8/29/2018 2:39:33 PM;1221
17;1;Anê;Anê;;8/29/2018 2:39:33 PM;1221
18;1;Vinhsơn;Vinhsơn;;8/29/2018 2:39:33 PM;1221
19;1;Matthêu Đậu;Matthêu Đậu;;8/29/2018 2:39:33 PM;1221
20;1;Phanxicô Tế;Phanxicô Tế;;8/29/2018 2:39:33 PM;1221
21;1;Phanxicô Salêsiô;Phanxicô Salêsiô;;8/29/2018 2:39:33 PM;1221
22;1;Phaolô;Phaolô;;8/29/2018 2:39:33 PM;1221
23;1;Timôthêô;Timôthêô;;8/29/2018 2:39:33 PM;1221
24;1;Titô;Titô;;8/29/2018 2:39:33 PM;1221
25;1;Angiêla Mêrisi;Angiêla Mêrisi;;8/29/2018 2:39:33 PM;1221
26;1;Tôma Aquinô;Tôma Aquinô;;8/29/2018 2:39:33 PM;1221
27;1;Tôma Khuông;Tôma Khuông;;8/29/2018 2:39:33 PM;1221
28;1;Gioan Boscô;Gioan Boscô;;8/29/2018 2:39:33 PM;1221
29;1;Maria;Maria;;8/29/2018 2:39:33 PM;1221
30;1;Gioan Ven;Gioan Ven;;8/29/2018 2:39:33 PM;1221
31;1;Blasiô;Blasiô;;8/29/2018 2:39:33 PM;1221
32;1;Ansgariô;Ansgariô;;8/29/2018 2:39:33 PM;1221
33;1;Agatha;Agatha;;8/29/2018 2:39:33 PM;1221
34;1;Phaolô Miki;Phaolô Miki;;8/29/2018 2:39:33 PM;1221
35;1;Giêrônimô Emilianô;Giêrônimô Emilianô;;8/29/2018 2:39:33 PM;1221
36;1;Giôsêphina Bakhita;Giôsêphina Bakhita;;8/29/2018 2:39:33 PM;1221
37;1;Scholastica;Scholastica;;8/29/2018 2:39:33 PM;1221
38;1;Maria;Maria;;8/29/2018 2:39:33 PM;1221
39;1;Lorensô Hưởng;Lorensô Hưởng;;8/29/2018 2:39:33 PM;1221
40;1;Phaolô Lộc;Phaolô Lộc;;8/29/2018 2:39:33 PM;1221
41;1;Cyrillô;Cyrillô;;8/29/2018 2:39:33 PM;1221
42;1;Mêthôđiô;Mêthôđiô;;8/29/2018 2:39:33 PM;1221
43;1;Phêrô Đamianô;Phêrô Đamianô;;8/29/2018 2:39:33 PM;1221
44;1;Pôlicarpô;Pôlicarpô;;8/29/2018 2:39:33 PM;1221
45;1;Katherine Drexel;Katherine Drexel;;8/29/2018 2:39:33 PM;1221
46;1;Casimirô;Casimirô;;8/29/2018 2:39:33 PM;1221
47;1;Perpêtua;Perpêtua;;8/29/2018 2:39:33 PM;1221
48;1;Phêlicita;Phêlicita;;8/29/2018 2:39:33 PM;1221
49;1;Gioan Thiên Chúa;Gioan Thiên Chúa;;8/29/2018 2:39:33 PM;1221
50;1;Phanxica Roma;Phanxica Roma;;8/29/2018 2:39:33 PM;1221
51;1;Đaminh Cẩm;Đaminh Cẩm;;8/29/2018 2:39:33 PM;1221
52;1;Patriciô;Patriciô;;8/29/2018 2:39:33 PM;1221
53;1;Cyrillô;Cyrillô;;8/29/2018 2:39:33 PM;1221
54;1;Giuse;Giuse;;8/29/2018 2:39:33 PM;1221
55;1;Turibiô Môgrôvêjô;Turibiô Môgrôvêjô;;8/29/2018 2:39:33 PM;1221
56;1;Maria;Maria;;8/29/2018 2:39:33 PM;1221
57;1;Phanxicô Paola;Phanxicô Paola;;8/29/2018 2:39:33 PM;1221
58;1;Đaminh Tước;Đaminh Tước;;8/29/2018 2:39:33 PM;1221
59;1;Isiđôrô;Isiđôrô;;8/29/2018 2:39:33 PM;1221
60;1;Vinhsơn Phêriê;Vinhsơn Phêriê;;8/29/2018 2:39:33 PM;1221
61;1;Phaolô Tịnh;Phaolô Tịnh;;8/29/2018 2:39:33 PM;1221
62;1;Gioan Bt. Lasan;Gioan Bt. Lasan;;8/29/2018 2:39:33 PM;1221
63;1;Phêrô Lựu;Phêrô Lựu;;8/29/2018 2:39:33 PM;1221
64;1;Stanislaô;Stanislaô;;8/29/2018 2:39:33 PM;1221
65;1;Martinô I;Martinô I;;8/29/2018 2:39:33 PM;1221
66;1;Anselmô;Anselmô;;8/29/2018 2:39:33 PM;1221
67;1;Georgiô;Georgiô;;8/29/2018 2:39:33 PM;1221
68;1;Ađalbertô;Ađalbertô;;8/29/2018 2:39:33 PM;1221
69;1;Fiđêlê Sigmaringen;Fiđêlê Sigmaringen;;8/29/2018 2:39:33 PM;1221
70;1;Marcô;Marcô;;8/29/2018 2:39:33 PM;1221
71;1;Giaon Bt. Thành;Giaon Bt. Thành;;8/29/2018 2:39:33 PM;1221
72;1;Phêrô Chanel;Phêrô Chanel;;8/29/2018 2:39:33 PM;1221
73;1;Phaolô Khoan;Phaolô Khoan;;8/29/2018 2:39:33 PM;1221
74;1;Phêrô Hiếu;Phêrô Hiếu;;8/29/2018 2:39:33 PM;1221
75;1;Catêrina Siêna;Catêrina Siêna;;8/29/2018 2:39:33 PM;1221
76;1;Piô V;Piô V;;8/29/2018 2:39:33 PM;1221
77;1;Giuse Tuân;Giuse Tuân;;8/29/2018 2:39:33 PM;1221
78;1;Giuse;Giuse;;8/29/2018 2:39:33 PM;1221
79;1;Augustinô Đông;Augustinô Đông;;8/29/2018 2:39:33 PM;1221
80;1;Gioan Hương;Gioan Hương;;8/29/2018 2:39:33 PM;1221
81;1;Athanasiô;Athanasiô;;8/29/2018 2:39:33 PM;1221
82;1;Philipphê;Philipphê;;8/29/2018 2:39:33 PM;1221
83;1;Giacôbê;Giacôbê;;8/29/2018 2:39:33 PM;1221
84;1;Giuse Lựu;Giuse Lựu;;8/29/2018 2:39:33 PM;1221
85;1;Giuse Hiển;Giuse Hiển;;8/29/2018 2:39:33 PM;1221
86;1;Matthêu Gẫm;Matthêu Gẫm;;8/29/2018 2:39:33 PM;1221
87;1;Nêrêô;Nêrêô;;8/29/2018 2:39:33 PM;1221
88;1;Achillêô;Achillêô;;8/29/2018 2:39:33 PM;1221
89;1;Pancratiô;Pancratiô;;8/29/2018 2:39:33 PM;1221
90;1;Maria;Maria;;8/29/2018 2:39:33 PM;1221
91;1;Matthia;Matthia;;8/29/2018 2:39:33 PM;1221
92;1;Isidorê;Isidorê;;8/29/2018 2:39:33 PM;1221
93;1;Gioan I;Gioan I;;8/29/2018 2:39:33 PM;1221
94;1;Bernarđinô Siêna;Bernarđinô Siêna;;8/29/2018 2:39:33 PM;1221
95;1;Gioan Tân;Gioan Tân;;8/29/2018 2:39:33 PM;1221
96;1;Christôphôrô Magallanes;Christôphôrô Magallanes;;8/29/2018 2:39:33 PM;1221
97;1;Lorensô Ngôn;Lorensô Ngôn;;8/29/2018 2:39:33 PM;1221
98;1;Micae Hy;Micae Hy;;8/29/2018 2:39:33 PM;1221
99;1;Bêđa;Bêđa;;8/29/2018 2:39:33 PM;1221
100;1;Grêgôriô VII;Grêgôriô VII;;8/29/2018 2:39:33 PM;1221
101;1;Maria Mađalêna Pazzi;Maria Mađalêna Pazzi;;8/29/2018 2:39:33 PM;1221
102;1;Phêrô Vân;Phêrô Vân;;8/29/2018 2:39:33 PM;1221
103;1;Matthêu Phương;Matthêu Phương;;8/29/2018 2:39:33 PM;1221
104;1;Philipphê Nêri;Philipphê Nêri;;8/29/2018 2:39:33 PM;1221
105;1;Gioan Hoan;Gioan Hoan;;8/29/2018 2:39:33 PM;1221
106;1;Augustinô;Augustinô;;8/29/2018 2:39:33 PM;1221
107;1;Phaolô Hạnh;Phaolô Hạnh;;8/29/2018 2:39:33 PM;1221
108;1;Maria;Maria;;8/29/2018 2:39:33 PM;1221
109;1;Justinô;Justinô;;8/29/2018 2:39:33 PM;1221
110;1;Giuse Túc;Giuse Túc;;8/29/2018 2:39:33 PM;1221
111;1;Marcellinô;Marcellinô;;8/29/2018 2:39:33 PM;1221
112;1;Phêrô;Phêrô;;8/29/2018 2:39:33 PM;1221
113;1;Đaminh Ninh;Đaminh Ninh;;8/29/2018 2:39:33 PM;1221
114;1;Carôlô Lwanga;Carôlô Lwanga;;8/29/2018 2:39:33 PM;1221
115;1;Phaolô Dương;Phaolô Dương;;8/29/2018 2:39:33 PM;1221
116;1;Bonifatiô;Bonifatiô;;8/29/2018 2:39:33 PM;1221
117;1;Đaminh Huyện;Đaminh Huyện;;8/29/2018 2:39:33 PM;1221
118;1;Đaminh Toái;Đaminh Toái;;8/29/2018 2:39:33 PM;1221
119;1;Luca Loan;Luca Loan;;8/29/2018 2:39:33 PM;1221
120;1;Norbertô;Norbertô;;8/29/2018 2:39:33 PM;1221
121;1;Phêrô Dũng;Phêrô Dũng;;8/29/2018 2:39:33 PM;1221
122;1;Phêrô Thuần;Phêrô Thuần;;8/29/2018 2:39:33 PM;1221
123;1;Vinhsơn Dương;Vinhsơn Dương;;8/29/2018 2:39:33 PM;1221
124;1;Ephrem;Ephrem;;8/29/2018 2:39:33 PM;1221
125;1;Barnaba;Barnaba;;8/29/2018 2:39:33 PM;1221
126;1;Augustinô Huy;Augustinô Huy;;8/29/2018 2:39:33 PM;1221
127;1;Nicola Thể;Nicola Thể;;8/29/2018 2:39:33 PM;1221
128;1;Maria;Maria;;8/29/2018 2:39:33 PM;1221
129;1;Antôn;Antôn;;8/29/2018 2:39:33 PM;1221
130;1;Anrê Tường;Anrê Tường;;8/29/2018 2:39:33 PM;1221
131;1;Đaminh Mạo;Đaminh Mạo;;8/29/2018 2:39:33 PM;1221
132;1;Đaminh Nguyên;Đaminh Nguyên;;8/29/2018 2:39:33 PM;1221
133;1;Đaminh Nhi;Đaminh Nhi;;8/29/2018 2:39:33 PM;1221
134;1;Vinhsơn Tường;Vinhsơn Tường;;8/29/2018 2:39:33 PM;1221
135;1;Phêrô Đa;Phêrô Đa;;8/29/2018 2:39:33 PM;1221
136;1;Rômualđô;Rômualđô;;8/29/2018 2:39:33 PM;1221
137;1;Luy Gonzaga;Luy Gonzaga;;8/29/2018 2:39:33 PM;1221
138;1;Paulinô;Paulinô;;8/29/2018 2:39:33 PM;1221
139;1;Tôma More;Tôma More;;8/29/2018 2:39:33 PM;1221
140;1;Gioan Fisher;Gioan Fisher;;8/29/2018 2:39:33 PM;1221
141;1;Gioan Bt.;Gioan Bt.;;8/29/2018 2:39:33 PM;1221
142;1;Đaminh Xuân;Đaminh Xuân;;8/29/2018 2:39:33 PM;1221
143;1;Phanxicô Chiểu;Phanxicô Chiểu;;8/29/2018 2:39:33 PM;1221
144;1;Cyrillô;Cyrillô;;8/29/2018 2:39:33 PM;1221
145;1;Tôma Toán;Tôma Toán;;8/29/2018 2:39:33 PM;1221
146;1;Irênê;Irênê;;8/29/2018 2:39:33 PM;1221
147;1;Phêrô;Phêrô;;8/29/2018 2:39:33 PM;1221
148;1;Phaolô;Phaolô;;8/29/2018 2:39:33 PM;1221
149;1;Vinhsơn Yến;Vinhsơn Yến;;8/29/2018 2:39:33 PM;1221
150;1;Junipero Serra;Junipero Serra;;8/29/2018 2:39:33 PM;1221
151;1;Tôma;Tôma;;8/29/2018 2:39:33 PM;1221
152;1;Philipphê Minh;Philipphê Minh;;8/29/2018 2:39:33 PM;1221
153;1;Êlisabeth;Êlisabeth;;8/29/2018 2:39:33 PM;1221
154;1;Giuse Uyển;Giuse Uyển;;8/29/2018 2:39:33 PM;1221
155;1;Antôn;Antôn;;8/29/2018 2:39:33 PM;1221
156;1;Maria Goretti;Maria Goretti;;8/29/2018 2:39:33 PM;1221
157;1;Antôn Quỳnh;Antôn Quỳnh;;8/29/2018 2:39:33 PM;1221
158;1;Phêrô Khắc Tự;Phêrô Khắc Tự;;8/29/2018 2:39:33 PM;1221
159;1;Bênêđictô;Bênêđictô;;8/29/2018 2:39:33 PM;1221
160;1;Clêmentê Inhaxiô Hy;Clêmentê Inhaxiô Hy;;8/29/2018 2:39:33 PM;1221
161;1;Inê Thành;Inê Thành;;8/29/2018 2:39:33 PM;1221
162;1;Phêrô Khanh;Phêrô Khanh;;8/29/2018 2:39:33 PM;1221
163;1;Henricô;Henricô;;8/29/2018 2:39:33 PM;1221
164;1;Camillô Lellis;Camillô Lellis;;8/29/2018 2:39:33 PM;1221
165;1;Kateri Tekakwitha;Kateri Tekakwitha;;8/29/2018 2:39:33 PM;1221
166;1;Bônaventura;Bônaventura;;8/29/2018 2:39:33 PM;1221
167;1;Anrê Thông;Anrê Thông;;8/29/2018 2:39:33 PM;1221
168;1;Phêrô Tuần;Phêrô Tuần;;8/29/2018 2:39:33 PM;1221
169;1;Maria;Maria;;8/29/2018 2:39:33 PM;1221
170;1;Đaminh Đạt;Đaminh Đạt;;8/29/2018 2:39:33 PM;1221
171;1;Giuse An;Giuse An;;8/29/2018 2:39:33 PM;1221
172;1;Laurensô;Laurensô;;8/29/2018 2:39:33 PM;1221
173;1;Maria Mađalêna;Maria Mađalêna;;8/29/2018 2:39:33 PM;1221
174;1;Brigitta;Brigitta;;8/29/2018 2:39:33 PM;1221
175;1;Sarbêliô Makhluf;Sarbêliô Makhluf;;8/29/2018 2:39:33 PM;1221
176;1;Giuse Hiền;Giuse Hiền;;8/29/2018 2:39:33 PM;1221
177;1;Giacôbê;Giacôbê;;8/29/2018 2:39:33 PM;1221
178;1;Gioakim;Gioakim;;8/29/2018 2:39:33 PM;1221
179;1;Anna;Anna;;8/29/2018 2:39:33 PM;1221
180;1;Anrê Phú Yên;Anrê Phú Yên;;8/29/2018 2:39:33 PM;1221
181;1;Melchor Xuyên;Melchor Xuyên;;8/29/2018 2:39:33 PM;1221
182;1;Martha;Martha;;8/29/2018 2:39:33 PM;1221
183;1;Phêrô;Phêrô;;8/29/2018 2:39:33 PM;1221
184;1;Ignatiô;Ignatiô;;8/29/2018 2:39:33 PM;1221
185;1;Emmanuel Phụng;Emmanuel Phụng;;8/29/2018 2:39:33 PM;1221
186;1;Phêrô Quý;Phêrô Quý;;8/29/2018 2:39:33 PM;1221
187;1;Alphongsô;Alphongsô;;8/29/2018 2:39:33 PM;1221
188;1;Bênađô Duệ;Bênađô Duệ;;8/29/2018 2:39:33 PM;1221
189;1;Đaminh Hạnh;Đaminh Hạnh;;8/29/2018 2:39:33 PM;1221
190;1;Eusêbiô;Eusêbiô;;8/29/2018 2:39:33 PM;1221
191;1;Eymard;Eymard;;8/29/2018 2:39:33 PM;1221
192;1;Vianney;Vianney;;8/29/2018 2:39:33 PM;1221
193;1;Maria;Maria;;8/29/2018 2:39:33 PM;1221
194;1;Xystô II;Xystô II;;8/29/2018 2:39:33 PM;1221
195;1;Gajêtanô;Gajêtanô;;8/29/2018 2:39:33 PM;1221
196;1;Đaminh;Đaminh;;8/29/2018 2:39:33 PM;1221
197;1;Têrêsa Bênêđicta;Têrêsa Bênêđicta;;8/29/2018 2:39:33 PM;1221
198;1;Laurensô;Laurensô;;8/29/2018 2:39:33 PM;1221
199;1;Clara;Clara;;8/29/2018 2:39:33 PM;1221
200;1;Joanna;Joanna;;8/29/2018 2:39:33 PM;1221
201;1;Antôn Đích;Antôn Đích;;8/29/2018 2:39:33 PM;1221
202;1;Giacôbê Năm;Giacôbê Năm;;8/29/2018 2:39:33 PM;1221
203;1;Micae Mỹ;Micae Mỹ;;8/29/2018 2:39:33 PM;1221
204;1;Pontianô;Pontianô;;8/29/2018 2:39:33 PM;1221
205;1;Hippôlytô;Hippôlytô;;8/29/2018 2:39:33 PM;1221
206;1;Maximilianô Kolbê;Maximilianô Kolbê;;8/29/2018 2:39:33 PM;1221
207;1;Maria;Maria;;8/29/2018 2:39:33 PM;1221
208;1;Stêphanô;Stêphanô;;8/29/2018 2:39:33 PM;1221
209;1;Gioan Êuđê;Gioan Êuđê;;8/29/2018 2:39:33 PM;1221
210;1;Bernarđô;Bernarđô;;8/29/2018 2:39:33 PM;1221
211;1;Piô X;Piô X;;8/29/2018 2:39:33 PM;1221
212;1;Giuse Viên;Giuse Viên;;8/29/2018 2:39:33 PM;1221
213;1;Maria;Maria;;8/29/2018 2:39:33 PM;1221
214;1;Rosa Lima;Rosa Lima;;8/29/2018 2:39:33 PM;1221
215;1;Barthôlômêô;Barthôlômêô;;8/29/2018 2:39:33 PM;1221
216;1;Giuse Calasanz;Giuse Calasanz;;8/29/2018 2:39:33 PM;1221
217;1;Luy;Luy;;8/29/2018 2:39:33 PM;1221
218;1;Monica;Monica;;8/29/2018 2:39:33 PM;1221
219;1;Augustinô;Augustinô;;8/29/2018 2:39:33 PM;1221
220;1;Gioan Bt.;Gioan Bt.;;8/29/2018 2:39:33 PM;1221
221;1;Grêgôriô;Grêgôriô;;8/29/2018 2:39:33 PM;1221
222;1;Giuse cảnh;Giuse cảnh;;8/29/2018 2:39:33 PM;1221
223;1;Phêrô Văn Tự;Phêrô Văn Tự;;8/29/2018 2:39:33 PM;1221
224;1;Maria;Maria;;8/29/2018 2:39:33 PM;1221
225;1;Phêrô Claver;Phêrô Claver;;8/29/2018 2:39:33 PM;1221
226;1;Gioan;Gioan;;8/29/2018 2:39:33 PM;1221
227;1;Maria;Maria;;8/29/2018 2:39:33 PM;1221
228;1;Conêliô;Conêliô;;8/29/2018 2:39:33 PM;1221
229;1;Cyprianô;Cyprianô;;8/29/2018 2:39:33 PM;1221
230;1;Robertô;Robertô;;8/29/2018 2:39:33 PM;1221
231;1;Emmanuel Triệu;Emmanuel Triệu;;8/29/2018 2:39:33 PM;1221
232;1;Đaminh Trạch;Đaminh Trạch;;8/29/2018 2:39:33 PM;1221
233;1;Januariô;Januariô;;8/29/2018 2:39:33 PM;1221
234;1;Anrê Kim Têgon;Anrê Kim Têgon;;8/29/2018 2:39:33 PM;1221
235;1;Phaolô Chung Hasang;Phaolô Chung Hasang;;8/29/2018 2:39:33 PM;1221
236;1;Mátthêu;Mátthêu;;8/29/2018 2:39:33 PM;1221
237;1;Phanxicô Phan;Phanxicô Phan;;8/29/2018 2:39:33 PM;1221
238;1;Tôma Thiện;Tôma Thiện;;8/29/2018 2:39:33 PM;1221
239;1;Piô;Piô;;8/29/2018 2:39:33 PM;1221
240;1;Cosma;Cosma;;8/29/2018 2:39:33 PM;1221
241;1;Đamianô;Đamianô;;8/29/2018 2:39:33 PM;1221
242;1;Vinhsơn Phaolô;Vinhsơn Phaolô;;8/29/2018 2:39:33 PM;1221
243;1;Venceslaô;Venceslaô;;8/29/2018 2:39:33 PM;1221
244;1;Laurensô Ruiz;Laurensô Ruiz;;8/29/2018 2:39:33 PM;1221
245;1;Micae;Micae;;8/29/2018 2:39:33 PM;1221
246;1;Gabriel;Gabriel;;8/29/2018 2:39:33 PM;1221
247;1;Raphael;Raphael;;8/29/2018 2:39:33 PM;1221
248;1;Giêrômiô;Giêrômiô;;8/29/2018 2:39:33 PM;1221
249;1;Têrêxa;Têrêxa;;8/29/2018 2:39:33 PM;1221
250;1;Phanxicô Assisi;Phanxicô Assisi;;8/29/2018 2:39:33 PM;1221
251;1;Brunô;Brunô;;8/29/2018 2:39:33 PM;1221
252;1;Maria Rosa;Maria Rosa;;8/29/2018 2:39:33 PM;1221
253;1;Phanxicô Trung;Phanxicô Trung;;8/29/2018 2:39:33 PM;1221
254;1;Maria;Maria;;8/29/2018 2:39:33 PM;1221
255;1;Điônisyô;Điônisyô;;8/29/2018 2:39:33 PM;1221
256;1;Gioan Lêônarđô;Gioan Lêônarđô;;8/29/2018 2:39:33 PM;1221
257;1;Gioan XXIII;Gioan XXIII;;8/29/2018 2:39:33 PM;1221
258;1;Phêrô Tùy;Phêrô Tùy;;8/29/2018 2:39:33 PM;1221
259;1;Callistô I;Callistô I;;8/29/2018 2:39:33 PM;1221
260;1;Têrêsa Giêsu;Têrêsa Giêsu;;8/29/2018 2:39:33 PM;1221
261;1;Hedviges;Hedviges;;8/29/2018 2:39:33 PM;1221
262;1;Margarita Alacoque;Margarita Alacoque;;8/29/2018 2:39:33 PM;1221
263;1;Phanxicô Kính;Phanxicô Kính;;8/29/2018 2:39:33 PM;1221
264;1;Ignatiô;Ignatiô;;8/29/2018 2:39:33 PM;1221
265;1;Luca;Luca;;8/29/2018 2:39:33 PM;1221
266;1;Isaac Jogues;Isaac Jogues;;8/29/2018 2:39:33 PM;1221
267;1;Gioan Brêbeuf;Gioan Brêbeuf;;8/29/2018 2:39:33 PM;1221
268;1;Phaolô Thánh Giá;Phaolô Thánh Giá;;8/29/2018 2:39:33 PM;1221
269;1;Gioan Phaolô II;Gioan Phaolô II;;8/29/2018 2:39:33 PM;1221
270;1;Gioan Capistranô;Gioan Capistranô;;8/29/2018 2:39:33 PM;1221
271;1;Phaolô Bường;Phaolô Bường;;8/29/2018 2:39:33 PM;1221
272;1;Antôn Clarét;Antôn Clarét;;8/29/2018 2:39:33 PM;1221
273;1;Giuse Thị;Giuse Thị;;8/29/2018 2:39:33 PM;1221
274;1;Simon;Simon;;8/29/2018 2:39:33 PM;1221
275;1;Giuđa;Giuđa;;8/29/2018 2:39:33 PM;1221
276;1;Gioan Đạt;Gioan Đạt;;8/29/2018 2:39:33 PM;1221
277;1;Giêrônimô Liêm;Giêrônimô Liêm;;8/29/2018 2:39:33 PM;1221
278;1;Berrio Vinh;Berrio Vinh;;8/29/2018 2:39:33 PM;1221
279;1;Phêrô Bình;Phêrô Bình;;8/29/2018 2:39:33 PM;1221
280;1;Martinô;Martinô;;8/29/2018 2:39:33 PM;1221
281;1;Phêrô Bắc;Phêrô Bắc;;8/29/2018 2:39:33 PM;1221
282;1;Carôlô;Carôlô;;8/29/2018 2:39:33 PM;1221
283;1;Đaminh Mầu;Đaminh Mầu;;8/29/2018 2:39:33 PM;1221
284;1;Henricô Gia;Henricô Gia;;8/29/2018 2:39:33 PM;1221
285;1;Vinhsơn Liêm;Vinhsơn Liêm;;8/29/2018 2:39:33 PM;1221
286;1;Gioan Bt. Côn;Gioan Bt. Côn;;8/29/2018 2:39:33 PM;1221
287;1;Giuse Nghi;Giuse Nghi;;8/29/2018 2:39:33 PM;1221
288;1;Martinô Thịnh;Martinô Thịnh;;8/29/2018 2:39:33 PM;1221
289;1;Martinô Thọ;Martinô Thọ;;8/29/2018 2:39:33 PM;1221
290;1;Phaolô Ngân;Phaolô Ngân;;8/29/2018 2:39:33 PM;1221
291;1;Lêô;Lêô;;8/29/2018 2:39:33 PM;1221
292;1;Martinô;Martinô;;8/29/2018 2:39:33 PM;1221
293;1;Josaphat;Josaphat;;8/29/2018 2:39:33 PM;1221
294;1;Frances X. Cabrini;Frances X. Cabrini;;8/29/2018 2:39:33 PM;1221
295;1;Stêphanô Thể;Stêphanô Thể;;8/29/2018 2:39:33 PM;1221
296;1;Albertô;Albertô;;8/29/2018 2:39:33 PM;1221
297;1;Margarita;Margarita;;8/29/2018 2:39:33 PM;1221
298;1;Gertruđê;Gertruđê;;8/29/2018 2:39:33 PM;1221
299;1;Elizabeth;Elizabeth;;8/29/2018 2:39:33 PM;1221
300;1;Phanxicô Cần;Phanxicô Cần;;8/29/2018 2:39:33 PM;1221
301;1;Maria;Maria;;8/29/2018 2:39:33 PM;1221
302;1;Cêcilia;Cêcilia;;8/29/2018 2:39:33 PM;1221
303;1;Clêmentê I;Clêmentê I;;8/29/2018 2:39:33 PM;1221
304;1;Columbanô;Columbanô;;8/29/2018 2:39:33 PM;1221
305;1;Miguel Pro;Miguel Pro;;8/29/2018 2:39:33 PM;1221
306;1;Phêrô Cao;Phêrô Cao;;8/29/2018 2:39:33 PM;1221
307;1;Phêrô Khoa;Phêrô Khoa;;8/29/2018 2:39:33 PM;1221
308;1;Vinhsơn Điểm;Vinhsơn Điểm;;8/29/2018 2:39:33 PM;1221
309;1;Catarina;Catarina;;8/29/2018 2:39:33 PM;1221
310;1;Đaminh Xuyên;Đaminh Xuyên;;8/29/2018 2:39:33 PM;1221
311;1;Tôma Dụ;Tôma Dụ;;8/29/2018 2:39:33 PM;1221
312;1;Anrê Trông;Anrê Trông;;8/29/2018 2:39:33 PM;1221
313;1;Anrê;Anrê;;8/29/2018 2:39:33 PM;1221
314;1;Giuse Du;Giuse Du;;8/29/2018 2:39:33 PM;1221
315;1;Phanxicô Xaviê;Phanxicô Xaviê;;8/29/2018 2:39:33 PM;1221
316;1;Gioan Đamas;Gioan Đamas;;8/29/2018 2:39:33 PM;1221
317;1;Nicôla;Nicôla;;8/29/2018 2:39:33 PM;1221
318;1;Giuse Khang;Giuse Khang;;8/29/2018 2:39:33 PM;1221
319;1;Ambrôsiô;Ambrôsiô;;8/29/2018 2:39:33 PM;1221
320;1;Maria;Maria;;8/29/2018 2:39:33 PM;1221
321;1;Gioan Điđacô;Gioan Điđacô;;8/29/2018 2:39:33 PM;1221
322;1;Đamasô;Đamasô;;8/29/2018 2:39:33 PM;1221
323;1;Maria;Maria;;8/29/2018 2:39:33 PM;1221
324;1;Simon Hòa;Simon Hòa;;8/29/2018 2:39:33 PM;1221
325;1;Luxia;Luxia;;8/29/2018 2:39:33 PM;1221
326;1;Gioan Thánh Giá;Gioan Thánh Giá;;8/29/2018 2:39:33 PM;1221
327;1;Phaolô Mỹ;Phaolô Mỹ;;8/29/2018 2:39:33 PM;1221
328;1;Phêrô Đường;Phêrô Đường;;8/29/2018 2:39:33 PM;1221
329;1;Phêrô Truật;Phêrô Truật;;8/29/2018 2:39:33 PM;1221
330;1;Augustinô Mới;Augustinô Mới;;8/29/2018 2:39:33 PM;1221
331;1;Đaminh Úy;Đaminh Úy;;8/29/2018 2:39:33 PM;1221
332;1;Phanxicô Mậu;Phanxicô Mậu;;8/29/2018 2:39:33 PM;1221
333;1;Stêphanô Vinh;Stêphanô Vinh;;8/29/2018 2:39:33 PM;1221
334;1;Tôma Đệ;Tôma Đệ;;8/29/2018 2:39:33 PM;1221
335;1;Phêrô Canisiô;Phêrô Canisiô;;8/29/2018 2:39:33 PM;1221
336;1;Anrê Dũng Lạc;Anrê Dũng Lạc;;8/29/2018 2:39:33 PM;1221
337;1;Phêrô Thi;Phêrô Thi;;8/29/2018 2:39:33 PM;1221
338;1;Gioan Kêty;Gioan Kêty;;8/29/2018 2:39:33 PM;1221
339;1;Emmanuel;Emmanuel;;8/29/2018 2:39:33 PM;1221
340;1;Stêphanô;Stêphanô;;8/29/2018 2:39:33 PM;1221
341;1;Gioan;Gioan;;8/29/2018 2:39:33 PM;1221
342;1;Tôma Becket;Tôma Becket;;8/29/2018 2:39:33 PM;1221
343;1;Sylvestê;Sylvestê;;8/29/2018 2:39:33 PM;1221
