MaLinhMuc;TenThanh;HoTen;NgaySinh;ChucVu;TuNgay;DenNgay;GhiChu;DienThoai;Email;DaXoa;UpdateDate;MaGiaoXuRieng;DeleteClient
13;Don Ky;Ho Te Chi Ton Vo Lam bao dao do long;27/10/2018;Chánh xứ;09/10/2018;16/10/2018;;;;False;2018/10/31 22:34:51;1221;0
14;Don Ky;Ho Te;01/10/2018;Chánh xứ;09/10/2018;16/10/2018;;;;False;2018/10/31 22:34:51;1221;0
15;Batman;Vo Cao King;;Chánh xứ;;;;;;True;2018/10/31 22:34:51;1221;0
16;Don Ky;Ho Te Chi Ton Vo Lam;01/10/2018;Chánh xứ;09/10/2018;16/10/2018;;;;True;2018/10/31 22:34:51;1221;0
17;Don Ky;Ho Te Chi Ton Vo Lam hELLO wORLD;01/10/2018;Chánh xứ;09/10/2018;16/10/2018;;;;False;2018/10/31 22:34:51;1221;0
