MaGiaoDan;HoTen;MaGiaoHo;Phai;TenThanh;NgaySinh;NoiSinh;SoRuaToi;NgayRuaToi;NoiRuaToi;ChaRuaToi;NguoiDoDauRuaToi;NgayRuocLe;NoiRuocLe;ChaRuocLe;SoThemSuc;NgayThemSuc;NoiThemSuc;ChaThemSuc;NguoiDoDauThemSuc;TrinhDoVanHoa;NgheNghiep;ConHoc;QuaDoi;NgayQuaDoi;DienThoai;Email;DaXoa;GhiChu;UpdateDate;SoRuocLe;HoTenCha;HoTenMe;DaCoGiaDinh;GiaoDanAo;TanTong;MaNhanDang;ThuocGiaoXu;ThuocGiaoPhan;DiaChi;DanToc;NoiQuaDoi;SoAnTang;NoiAnTang;AnhDaiDien;CMND;TrinhDoChuyenMon;BietNgoaiNgu;MaGiaoXuRieng;DeleteClient
1;A1;0;Nam;Achillêô;;;;;;;;;;;;;;;;;;False;False;;;;False;;2018/10/31 22:35:37;;;;True;True;False;FCBA5D928D7B488EB43GIAODAN1636765938415450177;;;;;;;;;;;;1221;0
3;A4;0;Nữ;Achillêô;;;;;;;;;;;;;;;;;;False;False;;;;False;;2018/10/31 22:35:38;;;;True;False;False;960DAC3CBFB04C8BA03GIAODAN3636765983974860852;;;;;;;;;;;;1221;0
4;A;0;Nam;Achillêô;;;;;;;;;;;;;;;;;;False;False;;;;False;;2018/10/31 22:35:38;;;;True;True;False;A0BA6C81513A45AA91EGIAODAN4636766060569640292;;;;;;;;;;;;1221;0
5;Võ Cao Sơn;4;Nam;Anê;03/10/2018;Ha Noi;;01/10/2018;ABCDE;Tao;;;;;;;;;;;;False;False;;;;False;;2018/10/31 22:35:37;;Vo King;King Vo;True;False;False;C8F3E6D3E305406EB44GIAODAN1636764110693506971;;;;;;;;;46555451;;;1221;0
6;Son Vo Cao123;1;Nam;Ađalbertô;05/04/2009;;;05/04/2009;;;;05/04/2009;;;;05/04/2009;;;;;;False;False;17/04/2009;;;False;;2018/10/31 22:35:37;;;;False;False;False;554DC3CBC51843D699DGIAODAN1636764186383825598;;;;;;;;;;;;1221;0
7;King;5;Nam;Batman;21/10/2018;;;;;;;0;;;0;0;;;;;;False;False;0;;;False;;2018/10/31 22:35:37;;;;False;False;False;;;;;;;;;;;;;1221;0
