MaGiaoDan;HoTen;MaGiaoHo;Phai;TenThanh;NgaySinh;NoiSinh;SoRuaToi;NgayRuaToi;NoiRuaToi;ChaRuaToi;NguoiDoDauRuaToi;NgayRuocLe;NoiRuocLe;ChaRuocLe;SoThemSuc;NgayThemSuc;NoiThemSuc;ChaThemSuc;NguoiDoDauThemSuc;TrinhDoVanHoa;NgheNghiep;ConHoc;QuaDoi;NgayQuaDoi;DienThoai;Email;DaXoa;GhiChu;UpdateDate;SoRuocLe;HoTenCha;HoTenMe;DaCoGiaDinh;GiaoDanAo;TanTong;MaNhanDang;ThuocGiaoXu;ThuocGiaoPhan;DiaChi;DanToc;NoiQuaDoi;SoAnTang;NoiAnTang;AnhDaiDien;CMND;TrinhDoChuyenMon;BietNgoaiNgu;MaGiaoXuRieng;DeleteSV;
27392;Batman;283;Nam;Ambrôsiô;31/10/2018;;;;;;;;;;;;;;;;;0;0;;;;0;;2018-11-03 09:39:02;;;;0;0;0;ABFCC9909AC2442595EGIAODAN1636768345851737451;;;;;;;;;;;;1221;1;
27393;King;283;Nam;Agatha;05/11/2018;;;;;;;;;;;;;;;;;0;0;;;;0;;2018-11-03 09:39:02;;;;0;0;0;ABFCC9909AC2442595EGIAODAN1636768346902971497;;;;;;;;;;;;1221;1;
27394;Nhg;284;Nam;Achillêô;;;;;;;;;;;;;;;;;;0;0;;;;0;;2018-11-03 10:45:57;;;;-1;0;0;51A63D39D6C64EEB902GIAODAN1636768348312627780;;;;;;;;;;;;1221;0;
27395;Nguyen Van Acb;0;Nam;Ađalbertô;29/10/2018;;;;;;;;;;;;;;;;;0;0;;;;0;;2018-11-03 10:45:57;;;;-1;-1;0;ABFCC9909AC2442595EGIAODAN1636768349365724549;;;;;;;;;;;;1221;0;
27396;Bui Thi Dcf;0;Nữ;Albertô;19/11/2018;;;;;;;;;;;;;;;;;0;0;;;;0;;2018-11-03 10:45:57;;;;-1;-1;0;ABFCC9909AC2442595EGIAODAN2636768349545388299;;;;;;;;;;;;1221;0;
27397;Chau;0;Nam;Achillêô;;;;;;;;;;;;;;;;;;0;0;;;;0;;2018-11-03 10:45:57;;Ađalbertô Nguyen Van Acb;Albertô Bui Thi Dcf;0;0;0;51A63D39D6C64EEB902GIAODAN4636768352048039554;;;;;;;;;;;;1221;0;
27398;King Heo Bech;0;Nam;Alphongsô;19/11/2018;;;;;;;;;;;;;;;;;0;0;;;;0;;2018-11-03 10:45:57;;Ađalbertô Nguyen Van Acb;Albertô Bui Thi Dcf;0;0;0;ABFCC9909AC2442595EGIAODAN4636768352670873008;;;;;;;;;;;;1221;0;
