MaGiaoDan;HoTen;MaGiaoHo;Phai;TenThanh;NgaySinh;NoiSinh;SoRuaToi;NgayRuaToi;NoiRuaToi;ChaRuaToi;NguoiDoDauRuaToi;NgayRuocLe;NoiRuocLe;ChaRuocLe;SoThemSuc;NgayThemSuc;NoiThemSuc;ChaThemSuc;NguoiDoDauThemSuc;TrinhDoVanHoa;NgheNghiep;ConHoc;QuaDoi;NgayQuaDoi;DienThoai;Email;DaXoa;GhiChu;UpdateDate;SoRuocLe;HoTenCha;HoTenMe;DaCoGiaDinh;GiaoDanAo;TanTong;MaNhanDang;ThuocGiaoXu;ThuocGiaoPhan;DiaChi;DanToc;NoiQuaDoi;SoAnTang;NoiAnTang;AnhDaiDien;CMND;TrinhDoChuyenMon;BietNgoaiNgu;MaGiaoXuRieng;DeleteSV;
27501;A1;0;Nam;Achillêô;;;;;;;;;;;;;;;;;;0;0;;;;0;;2018-11-05 20:22:56;;;;0;0;0;914DAEA623DD4EB5844GIAODAN1636770424270032582;;;;;;;;;;;;1221;0;
27502;Glv1;0;Nam;Gabriel;;;;;;;;;;;;;;;;;;0;0;;;;0;;2018-11-05 20:22:56;;;;0;0;0;914DAEA623DD4EB5844GIAODAN2636770424499136000;;;;;;;;;;;;1221;0;
27503;A2;0;Nam;Achillêô;;;;;;;;;;;;;;;;;;0;0;;;;0;;2018-11-05 20:22:56;;;;0;0;0;914DAEA623DD4EB5844GIAODAN3636770425094883834;;;;;;;;;;;;1221;0;
27504;A3;0;Nam;Achillêô;;;;;;;;;;;;;;;;;;0;0;;;;0;;2018-11-05 20:22:56;;;;0;0;0;D0CAAFA2CFDE4B2BA7CGIAODAN4636770447548052596;;;;;;;;;;;;1221;0;
27505;A5;0;Nam;Achillêô;;;;;;;;;;;;;;;;;;0;0;;;;0;;2018-11-05 20:22:56;;;;0;0;0;D0CAAFA2CFDE4B2BA7CGIAODAN5636770447759373794;;;;;;;;;;;;1221;0;
27506;A4;0;Nam;Barnaba;;;;;;;;;;;;;;;;;;0;0;;;;0;;2018-11-05 20:22:56;;;;0;0;0;D0CAAFA2CFDE4B2BA7CGIAODAN6636770447975587887;;;;;;;;;;;;1221;0;
27507;Glv2;0;Nữ;Achillêô;;;;;;;;;;;;;;;;;;0;0;;;;0;;2018-11-05 20:22:56;;;;0;0;0;CC07C6F1C944406E97AGIAODAN7636770449377413701;;;;;;;;;;;;1221;0;
