MaGiaoDan;HoTen;MaGiaoHo;Phai;TenThanh;NgaySinh;NoiSinh;SoRuaToi;NgayRuaToi;NoiRuaToi;ChaRuaToi;NguoiDoDauRuaToi;NgayRuocLe;NoiRuocLe;ChaRuocLe;SoThemSuc;NgayThemSuc;NoiThemSuc;ChaThemSuc;NguoiDoDauThemSuc;TrinhDoVanHoa;NgheNghiep;ConHoc;QuaDoi;NgayQuaDoi;DienThoai;Email;DaXoa;GhiChu;UpdateDate;SoRuocLe;HoTenCha;HoTenMe;DaCoGiaDinh;GiaoDanAo;TanTong;MaNhanDang;ThuocGiaoXu;ThuocGiaoPhan;DiaChi;DanToc;NoiQuaDoi;SoAnTang;NoiAnTang;AnhDaiDien;CMND;TrinhDoChuyenMon;BietNgoaiNgu;MaGiaoXuRieng;DeleteSV;
26367;Son Vo Cao123;53;Nam;Ađalbertô;05/04/2009;;;05/04/2009;;;;05/04/2009;;;;05/04/2009;;;;;;0;0;17/04/2009;;;0;;2018-10-30 23:12:15;;;;0;0;0;554DC3CBC51843D699DGIAODAN1636764186383825598;;;;;;;;;;;;1221;0;
26368;Võ Cao Sơn;55;Nam;Anê;03/10/2018;Ha Noi;;01/10/2018;ABCDE;Tao;;;;;;;;;;;;0;0;;;;0;;2018-10-30 23:12:15;;Vo King;King Vo;-1;0;0;C8F3E6D3E305406EB44GIAODAN1636764110693506971;;;;;;;;;46555451;;;1221;0;
26369;Mỹ Nữ;56;Nữ;Anrê Kim Têgon;21/10/2018;Ho Chi Minh;;;;;;;;;;;;;;;;0;0;;;;0;;2018-10-30 21:51:14;;Noithing;Hahahaha;-1;0;0;C8F3E6D3E305406EB44GIAODAN2636764111360940645;;;;;;;;;556123231321;;;1221;1;
26370;King;56;Nam;Batman;21/10/2018;;;;;;;0;;;0;0;;;;;;0;0;0;;;0;;2018-10-30 23:12:15;;;;0;0;0;;;;;;;;;;;;;1221;0;
