MaLinhMuc;TenThanh;HoTen;NgaySinh;ChucVu;TuNgay;DenNgay;GhiChu;DienThoai;Email;DaXoa;UpdateDate;MaGiaoXuRieng;DeleteSV;
1;Don Ky;Ho Te Chi Ton Vo Lam bao dao do long;27/10/2018;Chánh xứ;09/10/2018;16/10/2018;;;;0;2018-10-31 22:48:39;1221;0;
2;Don Ky;Ho Te;01/10/2018;Chánh xứ;09/10/2018;16/10/2018;;;;0;2018-10-31 22:48:39;1221;0;
3;Batman;Vo Cao King;;Chánh xứ;;;;;;-1;2018-10-31 22:48:39;1221;0;
4;Don Ky;Ho Te Chi Ton Vo Lam hELLO wORLD;01/10/2018;Chánh xứ;09/10/2018;16/10/2018;;;;0;2018-10-31 22:48:39;1221;0;
5;Don Ky;Ho Te Chi Ton Vo Lam;01/10/2018;Chánh xứ;09/10/2018;16/10/2018;;;;-1;2018-10-31 22:48:39;1221;0;
