MaGiaoDan;HoTen;MaGiaoHo;Phai;TenThanh;NgaySinh;NoiSinh;SoRuaToi;NgayRuaToi;NoiRuaToi;ChaRuaToi;NguoiDoDauRuaToi;NgayRuocLe;NoiRuocLe;ChaRuocLe;SoThemSuc;NgayThemSuc;NoiThemSuc;ChaThemSuc;NguoiDoDauThemSuc;TrinhDoVanHoa;NgheNghiep;ConHoc;QuaDoi;NgayQuaDoi;DienThoai;Email;DaXoa;GhiChu;UpdateDate;SoRuocLe;HoTenCha;HoTenMe;DaCoGiaDinh;GiaoDanAo;TanTong;MaNhanDang;ThuocGiaoXu;ThuocGiaoPhan;DiaChi;DanToc;NoiQuaDoi;SoAnTang;NoiAnTang;AnhDaiDien;CMND;TrinhDoChuyenMon;BietNgoaiNgu;MaGiaoXuRieng;DeleteClient
1;A1;0;Nam;Achillêô;;;;;;;;;;;;;;;;;;False;False;;;;False;;2018/11/05 20:09:42;;;;False;False;False;914DAEA623DD4EB5844GIAODAN1636770424270032582;;;;;;;;;;;;1221;0
2;Glv1;0;Nam;Gabriel;;;;;;;;;;;;;;;;;;False;False;;;;False;;2018/11/05 20:09:42;;;;False;False;False;914DAEA623DD4EB5844GIAODAN2636770424499136000;;;;;;;;;;;;1221;0
3;A2;0;Nam;Achillêô;;;;;;;;;;;;;;;;;;False;False;;;;False;;2018/11/05 20:09:42;;;;False;False;False;914DAEA623DD4EB5844GIAODAN3636770425094883834;;;;;;;;;;;;1221;0
4;A3;0;Nam;Achillêô;;;;;;;;;;;;;;;;;;False;False;;;;False;;2018/11/05 20:09:42;;;;False;False;False;D0CAAFA2CFDE4B2BA7CGIAODAN4636770447548052596;;;;;;;;;;;;1221;0
5;A5;0;Nam;Achillêô;;;;;;;;;;;;;;;;;;False;False;;;;False;;2018/11/05 20:09:43;;;;False;False;False;D0CAAFA2CFDE4B2BA7CGIAODAN5636770447759373794;;;;;;;;;;;;1221;0
6;A4;0;Nam;Barnaba;;;;;;;;;;;;;;;;;;False;False;;;;False;;2018/11/05 20:09:43;;;;False;False;False;D0CAAFA2CFDE4B2BA7CGIAODAN6636770447975587887;;;;;;;;;;;;1221;0
7;Glv2;0;Nữ;Achillêô;;;;;;;;;;;;;;;;;;False;False;;;;False;;2018/11/05 20:09:43;;;;False;False;False;CC07C6F1C944406E97AGIAODAN7636770449377413701;;;;;;;;;;;;1221;0
